Date,Open,High,Low,Close,Volume,Adj Close
2013-12-31,395.85,398.05,388.00,392.80,5622300,193.381
2013-12-30,390.60,398.45,382.55,392.30,10867400,193.135
2013-12-27,404.80,404.80,385.25,390.60,10269800,192.298
2013-12-26,403.00,414.40,400.00,402.80,11961100,198.304
2013-12-25,399.90,399.90,399.90,399.90,000,196.877
2013-12-24,385.00,404.75,384.30,399.90,15180900,196.877
2013-12-23,377.00,387.70,376.00,383.80,6406400,188.95
2013-12-20,375.00,389.20,374.00,377.85,12890900,186.021
2013-12-19,375.00,390.00,370.20,377.70,21600300,185.947
2013-12-18,353.00,389.55,352.85,377.15,36614700,185.676
2013-12-17,354.00,362.75,343.00,354.60,27655100,174.575
2013-12-16,312.40,351.25,311.95,349.05,32493800,171.842
2013-12-13,296.70,311.60,295.40,310.00,5872400,152.617
2013-12-12,300.00,305.80,296.50,297.95,3980600,146.685
2013-12-11,308.40,309.00,303.35,304.65,2193200,149.984
2013-12-10,305.00,309.70,303.10,306.25,3295900,150.771
2013-12-09,310.10,311.65,302.00,306.30,3550000,150.796
2013-12-06,302.00,307.90,296.50,306.20,3594200,150.747
2013-12-05,309.00,311.95,301.40,302.55,5254000,148.95
2013-12-04,306.45,310.45,304.45,307.35,4024900,151.313
2013-12-03,306.10,307.90,304.20,306.70,4669000,150.993
2013-12-02,296.00,305.50,293.80,304.20,5403800,149.762
2013-11-29,294.00,297.90,293.00,293.55,4184600,144.519
2013-11-28,287.75,296.50,286.55,291.60,5359400,143.559
2013-11-27,293.00,295.30,288.00,289.20,4138000,142.377
2013-11-26,284.85,293.20,282.70,291.70,4575100,143.608
2013-11-25,280.90,284.90,280.50,284.30,3860600,139.965
2013-11-22,276.00,280.55,274.55,278.35,3687000,137.036
2013-11-21,272.55,279.25,271.20,275.10,4887600,135.436
2013-11-20,277.25,281.20,272.35,273.60,3171900,134.697
2013-11-19,278.00,283.35,275.40,278.60,3907100,137.159
2013-11-18,283.00,287.85,277.70,278.80,7788900,136.026
2013-11-15,281.95,281.95,281.95,281.95,000,137.563
2013-11-14,274.50,283.00,269.30,281.95,10243400,137.563
2013-11-13,272.15,277.50,269.20,273.40,5911900,133.392
2013-11-12,270.05,275.50,265.00,271.90,7484300,132.66
2013-11-11,261.00,274.40,261.00,268.45,11810100,130.977
2013-11-08,247.00,264.90,244.30,260.40,29220600,127.049
2013-11-07,243.65,245.65,235.70,238.45,5807000,116.34
2013-11-06,243.40,244.45,237.05,242.45,5696300,118.291
2013-11-05,237.10,244.20,236.00,240.75,6657600,117.462
2013-11-04,229.75,229.75,229.75,229.75,000,112.095
2013-11-01,217.00,231.00,217.00,229.75,6711500,112.095
2013-10-31,219.50,221.40,215.10,216.70,3194100,105.728
2013-10-30,214.00,220.00,212.15,218.65,3294500,106.679
2013-10-29,209.05,214.45,205.90,212.80,3191600,103.825
2013-10-28,216.90,217.85,209.30,210.25,2498500,102.581
2013-10-25,215.90,218.75,214.25,215.55,2210700,105.167
2013-10-24,215.10,220.45,213.15,215.80,2632100,105.289
2013-10-23,221.95,223.10,211.65,216.10,3015000,105.435
2013-10-22,219.95,224.20,219.10,221.70,5753600,108.167
2013-10-21,208.00,219.50,208.00,218.80,5838300,106.752
2013-10-18,203.10,209.45,202.70,207.95,2219100,101.459
2013-10-17,207.00,210.25,202.05,203.75,3866900,99.41
2013-10-16,206.75,206.75,206.75,206.75,000,100.873
2013-10-15,210.30,211.50,204.45,206.75,1953300,100.873
2013-10-14,208.10,213.90,208.10,209.65,2322900,102.288
2013-10-11,213.95,213.95,207.20,208.35,2973000,101.654
2013-10-10,210.80,214.50,209.60,211.05,4460900,102.971
2013-10-09,204.05,211.90,204.05,210.70,5096900,102.80
2013-10-08,210.00,210.45,205.55,206.00,3612700,100.507
2013-10-07,210.00,215.00,207.75,209.00,5696400,101.971
2013-10-04,211.00,212.90,207.10,210.25,3612800,102.581
2013-10-03,210.40,214.15,208.70,211.70,8582300,103.288
2013-10-02,209.00,209.00,209.00,209.00,000,101.971
2013-10-01,203.50,210.30,198.10,209.00,7211800,101.971
2013-09-30,202.00,205.30,200.25,202.35,6492000,98.727
2013-09-27,195.50,205.35,194.10,200.70,11921300,97.921
2013-09-26,193.00,195.70,189.40,194.45,3863800,94.872
2013-09-25,193.25,193.70,187.30,192.05,3466200,93.701
2013-09-24,190.00,193.00,188.40,192.05,3949900,93.701
2013-09-23,188.00,190.30,185.00,188.30,2717200,91.872
2013-09-20,186.00,189.95,180.25,188.85,4789200,92.14
2013-09-19,180.20,186.45,178.00,185.75,3287200,90.627
2013-09-18,177.00,179.75,174.70,177.35,1734300,86.529
2013-09-17,172.90,178.70,170.70,177.65,2634700,86.675
2013-09-16,186.90,186.90,171.05,173.20,3713800,84.504
2013-09-13,184.00,187.80,181.10,183.05,3268500,89.31
2013-09-12,187.20,190.00,179.65,182.85,3694700,89.212
2013-09-11,187.90,192.85,185.25,187.15,4508800,91.31
2013-09-10,193.00,194.80,186.00,188.15,4145100,91.798
2013-09-09,190.05,190.05,190.05,190.05,000,92.725
2013-09-06,188.80,195.80,188.10,190.05,4818100,92.725
2013-09-05,193.00,194.00,186.00,188.60,4013700,92.018
2013-09-04,183.05,191.50,182.40,189.50,3489000,92.457
2013-09-03,183.00,188.80,179.50,182.75,4069300,89.164
2013-09-02,181.00,186.00,180.10,182.80,2862500,89.188
2013-08-30,181.00,186.45,176.25,181.55,3597100,88.578
2013-08-29,180.00,182.70,175.35,181.60,9975300,88.603
2013-08-28,170.80,180.35,163.20,178.70,4889900,87.188
2013-08-27,181.20,182.40,170.80,171.60,2810100,83.724
2013-08-26,181.95,184.80,177.10,182.70,2595000,89.139
2013-08-23,182.00,182.55,175.65,179.75,2707000,87.70
2013-08-22,172.25,181.00,168.30,180.10,4591600,87.871
2013-08-21,188.80,189.50,170.00,172.25,4091600,84.041
2013-08-20,183.80,188.00,180.30,185.05,3420200,90.286
2013-08-19,185.00,186.35,176.00,183.70,3930900,89.627
2013-08-16,190.15,193.85,181.25,186.10,5301700,90.798
2013-08-15,190.50,190.50,190.50,190.50,000,92.945
2013-08-14,188.05,192.40,184.20,190.50,4955500,92.945
2013-08-13,180.70,188.50,178.00,187.10,6989100,91.286
2013-08-12,167.90,184.35,166.65,180.70,12388900,88.163
2013-08-09,161.30,161.30,161.30,161.30,000,78.698
2013-08-08,157.00,164.00,154.10,161.30,3385300,78.698
2013-08-07,151.00,159.60,148.85,158.00,4910300,77.088
2013-08-06,147.70,151.80,138.35,148.70,10874800,72.551
2013-08-05,158.05,160.85,146.70,148.65,4983800,72.526
2013-08-02,165.05,165.80,155.10,157.90,4017900,77.039
2013-08-01,170.20,172.70,161.25,163.20,3906900,79.625
2013-07-31,165.00,170.65,159.40,169.30,3914500,82.601
2013-07-30,177.50,180.30,158.25,165.25,4301900,80.625
2013-07-29,178.80,186.30,176.35,177.50,5781800,86.114
2013-07-26,180.10,181.70,172.40,179.55,5826800,87.109
2013-07-25,173.05,181.40,171.30,178.95,5575900,86.818
2013-07-24,174.55,176.55,169.00,172.95,3435900,83.907
2013-07-23,174.00,178.10,173.50,175.65,3561700,85.217
2013-07-22,172.80,175.00,170.40,174.05,3254400,84.441
2013-07-19,182.00,182.70,172.15,173.85,3513400,84.344
2013-07-18,175.60,182.40,173.80,181.20,3114300,87.909
2013-07-17,181.50,183.40,173.10,175.60,4151500,85.193
2013-07-16,188.00,189.90,181.50,182.65,3019500,88.613
2013-07-15,191.00,194.40,189.35,189.90,2876800,92.13
2013-07-12,192.55,192.85,185.50,191.50,3065000,92.906
2013-07-11,194.00,195.05,191.10,191.45,3002800,92.882
2013-07-10,191.10,195.20,190.60,191.50,3269900,92.906
2013-07-09,193.80,195.55,190.55,192.15,4239100,93.222
2013-07-08,187.80,193.50,185.00,192.60,3839000,93.44
2013-07-05,186.95,190.95,185.15,188.10,5107100,91.257
2013-07-04,186.00,189.50,182.65,185.00,3419700,89.753
2013-07-03,185.30,186.40,180.75,184.60,3126700,89.559
2013-07-02,187.60,189.90,184.50,185.75,4177800,90.117
2013-07-01,181.10,187.50,180.05,186.90,3597100,90.675
2013-06-28,177.20,181.90,177.10,180.60,2859700,87.618
2013-06-27,173.00,178.00,171.20,176.95,4527200,85.847
2013-06-26,175.80,177.90,167.85,170.65,6678800,82.791
2013-06-25,174.00,178.25,155.50,175.60,13265800,85.193
2013-06-24,170.35,174.25,168.05,172.75,5381100,83.81
2013-06-21,172.90,178.90,165.35,170.80,4839800,82.864
2013-06-20,179.00,179.00,171.50,172.15,4526800,83.519
2013-06-19,181.20,183.20,179.25,181.60,2197700,88.103
2013-06-18,182.65,184.45,177.80,181.35,3714800,87.982
2013-06-17,170.80,181.80,167.35,181.10,6066100,87.861
2013-06-14,167.00,171.40,166.60,169.65,3481300,82.306
2013-06-13,174.50,174.50,163.75,165.75,6657100,80.414
2013-06-12,172.00,175.80,166.65,174.65,4521000,84.732
2013-06-11,175.00,176.90,170.35,171.70,3704900,83.30
2013-06-10,185.00,186.60,174.20,175.85,3646500,85.314
2013-06-07,185.90,187.90,183.60,184.40,4007500,89.462
2013-06-06,185.00,187.70,183.55,185.75,3430600,90.117
2013-06-05,186.10,188.50,183.50,186.95,5717000,90.699
2013-06-04,178.70,186.60,178.70,185.55,5376000,90.02
2013-06-03,170.40,178.90,170.40,177.75,4785200,86.236
2013-05-31,177.20,178.00,168.90,170.40,4020500,82.67
2013-05-30,175.60,182.60,175.60,176.95,7249300,85.847
2013-05-29,180.50,181.70,174.70,176.45,3445500,85.605
2013-05-28,179.50,182.70,177.80,179.10,2863000,86.891
2013-05-27,170.30,178.60,170.30,177.80,2602400,86.26
2013-05-24,172.15,175.80,166.80,171.30,3146400,83.106
2013-05-23,181.00,181.90,173.50,174.70,2012100,84.756
2013-05-22,180.00,185.30,177.40,182.35,3988300,88.467
2013-05-21,190.50,191.55,179.05,180.60,3053800,87.618
2013-05-20,192.30,195.40,189.65,190.10,2697300,92.227
2013-05-17,193.40,195.25,191.55,192.15,2311800,93.222
2013-05-16,195.40,197.20,192.10,192.85,2806100,93.561
2013-05-15,191.00,195.80,190.50,194.45,3709300,94.338
2013-05-14,191.20,194.25,188.70,189.75,3583400,92.057
2013-05-13,195.10,199.80,189.55,190.65,3346800,92.494
2013-05-10,188.45,195.90,187.35,194.85,3488300,94.532
2013-05-09,193.90,196.00,188.10,188.95,2816100,91.669
2013-05-08,194.00,197.00,192.70,193.55,2723500,93.901
2013-05-07,197.30,199.50,193.70,194.40,3179100,94.313
2013-05-06,196.65,201.00,196.05,197.30,3591500,95.72
2013-05-03,199.15,202.30,195.40,196.65,4936500,95.405
2013-05-02,189.00,200.45,189.00,199.45,5513400,96.763
2013-05-01,190.90,190.90,190.90,190.90,000,92.615
2013-04-30,192.70,193.30,187.15,190.90,2200200,92.615
2013-04-29,190.00,193.00,187.05,192.05,1964100,93.173
2013-04-26,191.25,193.90,187.50,190.40,3197000,92.373
2013-04-25,187.05,194.00,185.00,191.60,4126600,92.955
2013-04-24,188.40,188.40,188.40,188.40,000,91.402
2013-04-23,190.00,192.40,184.40,188.40,2658000,91.402
2013-04-22,181.50,191.20,181.45,189.55,5999500,91.96
2013-04-19,181.45,181.45,181.45,181.45,000,88.031
2013-04-18,185.50,186.90,180.25,181.45,3944400,88.031
2013-04-17,181.25,187.50,179.55,184.75,4764600,89.632
2013-04-16,175.80,182.00,175.00,180.60,4645100,87.618
2013-04-15,174.90,179.40,174.50,176.20,4761200,85.484
2013-04-12,169.00,177.05,168.10,174.90,11591600,84.853
2013-04-11,160.55,170.50,159.30,170.45,6498400,82.694
2013-04-10,158.55,160.90,155.25,159.55,2696500,77.406
2013-04-09,161.15,163.30,156.90,158.45,3424700,76.872
2013-04-08,158.00,161.40,153.35,159.70,4814400,77.479
2013-04-05,164.30,165.95,154.80,157.55,7631600,76.436
2013-04-04,160.30,164.90,158.35,163.90,5733400,79.516
2013-04-03,157.70,164.75,155.65,159.95,11254400,77.60
2013-04-02,152.90,158.60,151.30,157.75,4240200,76.533
2013-04-01,158.00,158.00,146.85,151.95,6395600,73.719
2013-03-29,145.95,145.95,145.95,145.95,000,70.808
2013-03-28,131.15,147.20,127.15,145.95,12717100,70.808
2013-03-27,130.45,130.45,130.45,130.45,000,63.288
2013-03-26,138.00,138.00,129.00,130.45,4454000,63.288
2013-03-25,140.90,143.40,135.10,136.60,2576200,66.272
2013-03-22,145.45,145.45,135.75,139.75,5057800,67.80
2013-03-21,152.55,153.90,144.00,145.45,3479000,70.565
2013-03-20,157.85,158.90,150.20,151.65,4242000,73.573
2013-03-19,156.50,160.60,151.30,157.65,4103900,76.484
2013-03-18,158.60,158.60,154.95,155.95,2413800,75.659
2013-03-15,164.00,166.65,159.10,159.65,3178300,77.454
2013-03-14,160.75,165.20,157.75,164.10,2656000,79.613
2013-03-13,163.55,163.55,158.65,160.55,2923200,77.891
2013-03-12,167.15,170.40,162.30,163.60,3428800,79.371
2013-03-11,165.00,169.90,165.00,167.15,3676900,81.093
2013-03-08,164.45,167.25,163.30,164.80,4783500,79.953
2013-03-07,164.35,165.70,161.50,164.00,2387600,79.565
2013-03-06,166.40,168.95,161.00,164.55,4125400,79.832
2013-03-05,156.60,166.00,156.50,165.10,5473600,80.098
2013-03-04,159.85,160.30,153.30,155.30,2754700,75.344
2013-03-01,161.55,164.65,156.45,160.45,4526400,77.842
2013-02-28,173.50,174.95,157.90,160.90,6260300,78.061
2013-02-27,173.00,174.90,166.00,172.70,3369000,83.786
2013-02-26,172.25,174.10,169.40,172.20,3796800,83.543
2013-02-25,180.15,182.25,172.70,173.50,4883400,84.174
2013-02-22,180.50,183.85,178.50,181.25,4128800,87.934
2013-02-21,185.00,185.00,175.50,180.20,9237500,87.424
2013-02-20,187.00,188.90,185.25,186.95,3178100,90.699
2013-02-19,181.00,187.50,180.65,186.70,3178600,90.578
2013-02-18,184.45,184.70,180.20,181.50,1834000,88.055
2013-02-15,181.20,186.10,177.10,184.60,4954100,88.589
2013-02-14,181.45,185.35,174.35,181.95,4252700,87.317
2013-02-13,181.10,185.80,180.15,181.20,2890100,86.957
2013-02-12,182.05,183.40,176.00,180.80,4073800,86.765
2013-02-11,183.65,186.20,181.10,182.25,2061800,87.461
2013-02-08,189.65,191.25,181.00,183.55,5572200,88.085
2013-02-07,194.30,195.90,184.70,186.40,9382700,89.452
2013-02-06,192.75,194.85,191.00,192.65,3945500,92.452
2013-02-05,188.60,193.70,186.10,191.40,4512200,91.852
2013-02-04,192.80,195.20,186.10,188.45,4269700,90.436
2013-02-01,188.00,192.90,186.35,192.00,3158800,92.14
2013-01-31,186.55,188.50,183.55,187.40,3989200,89.932
2013-01-30,183.70,187.95,181.00,186.65,2958800,89.572
2013-01-29,190.10,191.75,182.50,183.05,2733000,87.845
2013-01-28,187.00,192.30,186.25,190.00,1954700,91.18
2013-01-25,184.00,188.70,178.70,187.40,4775700,89.932
2013-01-24,188.50,189.10,182.20,184.85,3353600,88.709
2013-01-23,189.50,192.15,186.20,188.25,2312400,90.34
2013-01-22,196.85,198.25,187.25,189.15,3614300,90.772
2013-01-21,192.95,196.90,192.40,195.30,4261200,93.723
2013-01-18,188.50,194.45,187.30,192.55,3950200,92.404
2013-01-17,188.90,189.90,185.50,188.65,2628900,90.532
2013-01-16,192.50,194.85,186.70,188.45,3986100,90.436
2013-01-15,192.30,196.50,190.30,192.85,2965300,92.548
2013-01-14,184.95,193.80,184.50,192.05,3878400,92.164
2013-01-11,191.00,192.30,183.15,184.50,2756500,88.541
2013-01-10,197.00,198.15,187.80,190.85,3918700,91.588
2013-01-09,201.00,202.70,194.35,196.50,2546000,94.299
2013-01-08,201.95,202.50,197.80,200.70,2329600,96.315
2013-01-07,202.00,204.90,200.00,201.60,2978700,96.747
2013-01-04,200.95,203.25,198.10,201.65,4342100,96.771
2013-01-03,202.00,204.75,201.15,202.20,4411400,97.035
2013-01-02,195.00,202.80,193.85,201.70,6397100,96.795
2013-01-01,189.75,194.25,189.75,193.45,1926700,92.836
2012-12-31,191.00,192.45,188.70,189.40,2125300,90.892
2012-12-28,190.65,192.95,189.25,190.90,2140200,91.612
2012-12-27,193.95,195.35,187.05,189.40,5646900,90.892
2012-12-26,194.00,196.65,192.60,193.25,1874600,92.74
2012-12-25,194.25,194.25,194.25,194.25,000,93.22
2012-12-24,193.45,196.80,192.60,194.25,3242200,93.22
2012-12-21,196.10,199.00,191.60,192.40,5560700,92.332
2012-12-20,188.45,197.55,187.20,195.40,9389000,93.771
2012-12-19,190.90,193.00,187.30,188.55,2469800,90.484
2012-12-18,188.00,193.00,183.50,190.45,5069500,91.396
2012-12-17,183.80,187.70,181.75,187.00,3740200,89.74
2012-12-14,188.00,190.00,182.25,183.35,5107700,87.989
2012-12-13,194.15,197.00,185.70,187.75,3458200,90.10
2012-12-12,191.95,195.30,190.60,193.80,2487600,93.004
2012-12-11,192.25,197.45,188.40,191.45,4005700,91.876
2012-12-10,193.45,195.00,190.55,192.00,2757500,92.14
2012-12-07,196.00,198.00,192.10,193.10,4046200,92.668
2012-12-06,195.15,197.80,190.65,195.65,5958300,93.891
2012-12-05,198.45,201.40,194.10,194.90,5683800,93.532
2012-12-04,192.00,198.40,191.65,197.60,8277700,94.827
2012-12-03,189.30,191.95,188.10,191.10,3698000,91.708
2012-11-30,185.20,189.90,184.00,188.00,5435200,90.22
2012-11-29,181.00,186.50,178.40,184.15,9128600,88.373
2012-11-28,180.15,180.15,180.15,180.15,000,86.453
2012-11-27,179.40,181.80,178.15,180.15,6175500,86.453
2012-11-26,171.00,179.80,167.65,178.90,5977800,85.853
2012-11-23,176.80,179.00,170.00,172.45,9011700,82.758
2012-11-22,178.00,182.00,175.10,176.25,4387600,84.581
2012-11-21,173.00,179.25,172.90,178.75,3870100,85.781
2012-11-20,177.00,179.65,169.65,172.10,5207700,82.59
2012-11-19,177.00,181.00,171.35,174.75,3640100,83.862
2012-11-16,174.00,182.85,173.75,176.65,7693100,84.773
2012-11-15,177.05,178.10,171.95,173.45,2851800,83.238
2012-11-14,178.75,178.75,178.75,178.75,000,85.781
2012-11-13,178.75,178.75,178.75,178.75,000,85.781
2012-11-12,170.60,179.85,170.50,178.75,4633000,85.781
2012-11-09,178.95,181.20,167.30,170.25,11367600,81.702
2012-11-08,174.75,180.00,174.15,178.55,4060500,85.685
2012-11-07,175.20,178.20,173.40,175.65,3101400,84.294
2012-11-06,169.85,176.25,169.60,175.35,4651300,84.15
2012-11-05,170.70,172.90,168.20,169.85,2694500,81.51
2012-11-02,170.95,173.10,167.75,170.30,5885100,81.726
2012-11-01,158.90,171.40,158.90,169.95,9860400,81.558
2012-10-31,161.15,162.80,156.75,158.45,3340300,76.039
2012-10-30,158.50,162.30,156.00,161.40,2737700,77.455
2012-10-29,160.60,162.00,157.60,158.20,2530400,75.919
2012-10-26,163.25,163.25,163.25,163.25,000,78.343
2012-10-25,160.00,164.50,159.15,163.25,3486200,78.343
2012-10-24,159.75,159.75,159.75,159.75,000,76.663
2012-10-23,161.00,162.90,158.15,159.75,2241500,76.663
2012-10-22,156.90,162.90,156.00,161.00,3644300,77.263
2012-10-19,158.95,160.50,155.10,156.90,1658700,75.296
2012-10-18,156.95,161.50,156.50,158.95,3159500,76.279
2012-10-17,155.00,159.00,153.60,156.45,3645400,75.08
2012-10-16,156.00,159.90,152.90,154.65,3549700,74.216
2012-10-15,160.80,160.80,154.45,155.55,3939600,74.648
2012-10-12,159.50,164.80,157.55,159.90,6434400,76.735
2012-10-11,152.25,160.45,150.00,159.50,7606200,76.543
2012-10-10,151.50,154.20,148.65,152.00,7454800,72.944
2012-10-09,144.00,151.00,142.50,149.60,4761600,71.792
2012-10-08,137.55,145.90,137.50,143.45,3589100,68.841
2012-10-05,140.00,143.85,136.10,138.60,4028000,66.513
2012-10-04,147.30,147.30,142.10,144.70,2139200,69.441
2012-10-03,160.00,160.00,144.55,146.45,2976800,70.281
2012-10-02,144.35,144.35,144.35,144.35,000,69.273
2012-10-01,142.75,145.00,141.10,144.35,2463700,69.273
2012-09-28,142.00,144.90,138.85,142.00,4321900,68.145
2012-09-27,140.05,142.75,140.05,140.75,3304400,67.545
2012-09-26,138.50,142.90,136.70,140.70,6158800,67.521
2012-09-25,129.55,138.65,129.55,137.85,6809200,66.154
2012-09-24,129.95,132.70,129.00,129.60,1854400,62.194
2012-09-21,129.05,131.35,126.50,129.80,6269900,62.29
2012-09-20,128.95,134.50,127.20,128.65,5099500,61.738
2012-09-19,129.05,129.05,129.05,129.05,000,61.93
2012-09-18,127.05,131.85,125.10,129.05,2518200,61.93
2012-09-17,126.00,128.65,122.10,127.15,2790900,61.019
2012-09-14,129.50,131.30,124.15,125.80,2100100,60.371
2012-09-13,129.90,132.10,126.10,128.40,3712400,61.618
2012-09-12,131.50,132.40,128.60,129.60,3172600,62.194
2012-09-11,130.50,132.35,129.20,131.30,4125100,63.01
2012-09-10,129.40,133.80,128.40,131.10,7970400,62.914
2012-09-07,121.75,124.00,119.65,123.25,5632100,59.147
2012-09-06,117.00,120.95,116.05,119.35,4917500,57.275
2012-09-05,119.90,120.65,115.60,116.00,2790700,55.668
2012-09-04,120.00,121.25,117.65,118.65,4990500,56.94
2012-09-03,111.65,119.70,111.15,118.25,8881200,56.748
2012-08-31,108.20,111.80,107.50,110.30,1522900,52.932
2012-08-30,113.00,113.00,108.70,109.45,2010400,52.524
2012-08-29,112.60,114.60,110.70,112.15,1346800,53.82
2012-08-28,111.45,113.10,108.10,111.60,1658600,53.556
2012-08-27,112.25,114.70,110.25,111.05,2075800,53.292
2012-08-24,107.25,112.85,106.80,111.90,3940000,53.70
2012-08-23,108.35,109.80,106.35,107.75,1977100,51.709
2012-08-22,104.80,109.25,103.40,107.35,4455700,51.517
2012-08-21,103.80,105.40,102.65,104.70,1407900,50.245
2012-08-20,102.70,102.70,102.70,102.70,000,49.285
2012-08-17,105.05,105.10,102.00,102.70,827700,49.285
2012-08-16,104.85,106.20,103.60,104.00,772000,49.909
2012-08-15,104.10,104.10,104.10,104.10,000,49.957
2012-08-14,103.65,105.60,103.60,104.10,753100,49.957
2012-08-13,103.85,105.75,103.20,105.00,1486700,50.389
2012-08-10,102.55,104.40,101.75,103.10,1804100,49.477
2012-08-09,111.00,111.85,101.30,101.65,5366000,48.781
2012-08-08,112.00,114.00,109.10,110.05,5096800,52.812
2012-08-07,114.10,116.20,108.10,111.90,6682300,53.70
2012-08-06,115.35,115.40,111.70,112.35,1945400,53.916
2012-08-03,112.50,114.75,110.80,113.60,1284900,54.516
2012-08-02,114.05,115.25,111.85,112.55,1488700,54.012
2012-08-01,108.95,114.50,108.65,113.40,2071700,54.42
2012-07-31,104.00,109.50,104.00,109.00,2750600,52.309
2012-07-30,101.80,104.90,100.25,104.45,887000,50.125
2012-07-27,107.90,107.90,100.10,101.25,1019100,47.63
2012-07-26,107.90,108.40,103.00,103.60,1402800,48.735
2012-07-25,108.40,108.70,105.90,107.65,762500,50.64
2012-07-24,109.00,109.65,107.10,108.15,636200,50.875
2012-07-23,108.00,110.40,107.30,108.40,1095600,50.993
2012-07-20,110.50,110.90,108.00,108.40,1244000,50.993
2012-07-19,108.10,112.45,102.40,109.25,766000,51.393
2012-07-18,110.90,111.50,109.50,111.05,791700,52.24
2012-07-17,110.40,112.20,109.50,109.80,991400,51.652
2012-07-16,112.50,113.45,109.60,110.40,1159000,51.934
2012-07-13,112.10,113.70,111.50,112.50,1614800,52.922
2012-07-12,112.65,114.90,111.85,114.15,1142200,53.698
2012-07-11,116.00,116.00,112.50,113.00,635000,53.157
2012-07-10,111.30,115.85,111.30,114.40,1754600,53.816
2012-07-09,114.95,115.20,110.70,111.25,1240200,52.334
2012-07-06,115.25,117.20,115.05,115.50,1304000,54.333
2012-07-05,115.20,116.00,114.65,115.20,1254900,54.192
2012-07-04,115.50,118.25,113.50,115.05,1686500,54.121
2012-07-03,106.60,117.95,106.60,116.30,2348500,54.709
2012-07-02,108.35,114.90,108.35,114.05,2282100,53.651
2012-06-29,108.10,111.90,107.55,110.00,2141100,51.746
2012-06-28,108.70,108.70,106.35,106.90,1072600,50.287
2012-06-27,108.20,109.30,106.65,107.75,1117700,50.687
2012-06-26,108.00,109.00,106.20,108.25,823500,50.922
2012-06-25,109.90,110.40,107.95,108.20,821300,50.899
2012-06-22,106.70,109.75,106.70,109.25,1087600,51.393
2012-06-21,106.35,109.00,106.05,108.25,1233000,50.922
2012-06-20,106.30,106.95,105.45,106.45,1169200,50.076
2012-06-19,106.75,106.90,104.00,105.25,1318300,49.511
2012-06-18,109.20,111.45,105.40,106.05,1398600,49.888
2012-06-15,105.35,110.25,105.35,108.85,3268200,51.205
2012-06-14,106.10,107.40,105.00,106.05,1099200,49.888
2012-06-13,108.30,108.45,105.15,105.80,2338400,49.77
2012-06-12,105.00,108.45,105.00,107.25,4286000,50.452
2012-06-11,108.95,110.60,107.40,108.00,3551500,50.805
2012-06-08,111.45,111.45,106.55,107.15,2493800,50.405
2012-06-07,110.30,111.20,109.25,110.05,1244400,51.769
2012-06-06,106.25,109.90,106.00,109.20,1467100,51.369
2012-06-05,106.50,107.25,105.30,106.15,1300600,49.935
2012-06-04,105.15,107.20,103.65,105.50,2255300,49.629
2012-06-01,108.95,109.90,104.00,104.95,1958800,49.37
2012-05-31,106.95,110.75,106.60,108.85,2065900,51.205
2012-05-30,107.00,112.45,107.00,108.25,3182000,50.922
2012-05-29,117.00,117.90,109.75,110.40,3717000,51.934
2012-05-28,115.55,117.75,111.35,116.85,2464000,54.968
2012-05-25,115.45,118.35,112.15,117.00,2853100,55.039
2012-05-24,108.95,116.90,108.05,115.45,2814600,54.309
2012-05-23,109.15,113.30,107.15,107.85,2320200,50.734
2012-05-22,109.75,111.90,108.65,110.15,2119500,51.816
2012-05-21,109.00,110.80,107.30,107.85,2199200,50.734
2012-05-18,104.80,108.25,102.00,107.70,2400400,50.664
2012-05-17,107.40,108.90,103.00,105.90,4327500,49.817
2012-05-16,105.00,108.40,102.00,106.35,3033600,50.029
2012-05-15,103.00,107.05,101.60,106.10,2113000,49.911
2012-05-14,113.00,113.00,100.50,102.65,1728100,48.288
2012-05-11,113.20,113.20,108.30,109.40,2579300,51.463
2012-05-10,116.80,117.75,112.70,113.90,2848800,53.58
2012-05-09,120.85,123.95,115.80,116.70,3558800,54.897
2012-05-08,126.50,126.50,121.50,123.75,1849100,58.214
2012-05-07,120.10,126.00,115.35,125.70,2865600,59.131
2012-05-04,120.50,124.40,119.90,120.60,1934400,56.732
2012-05-03,128.40,128.85,123.75,124.50,2423300,58.567
2012-05-02,133.80,134.30,128.00,128.70,1936600,60.542
2012-05-01,131.60,131.60,131.60,131.60,000,61.907
2012-04-30,132.35,133.40,127.25,130.75,1708900,61.507
2012-04-27,126.05,129.05,124.15,127.15,3054400,59.813
2012-04-26,128.95,130.25,124.55,126.05,1988600,59.296
2012-04-25,129.85,131.10,125.25,127.15,1727200,59.813
2012-04-24,129.75,132.35,128.15,129.35,2862700,60.848
2012-04-23,134.00,141.40,126.20,128.20,7144400,60.307
2012-04-20,132.35,134.95,131.55,133.50,2189300,62.80
2012-04-19,130.50,134.50,129.25,133.20,3093800,62.659
2012-04-18,129.50,132.65,127.15,130.50,3583800,61.389
2012-04-17,127.60,130.25,126.10,128.90,6127000,60.637
2012-04-16,116.40,127.20,115.55,126.40,10991900,59.461
2012-04-13,116.05,117.95,115.20,116.55,2123600,54.827
2012-04-12,113.80,116.00,112.80,115.55,1641800,54.357
2012-04-11,113.00,114.80,112.05,112.95,1021500,53.133
2012-04-10,113.40,114.90,111.50,114.25,1460000,53.745
2012-04-09,112.95,114.70,112.10,112.90,830100,53.11
2012-04-06,114.30,114.30,114.30,114.30,000,53.768
2012-04-05,114.30,114.30,114.30,114.30,000,53.768
2012-04-04,113.00,116.40,112.00,114.30,1838500,53.768
2012-04-03,116.70,116.70,113.55,113.95,2095100,53.604
2012-04-02,116.00,117.00,109.00,114.05,7402600,53.651
2012-03-30,116.50,120.25,116.50,119.00,4153700,55.979
2012-03-29,115.50,132.70,111.00,115.50,4260100,54.333
2012-03-28,116.70,119.00,114.15,114.90,1971300,54.051
2012-03-27,116.05,119.00,114.10,115.55,2649700,54.357
2012-03-26,119.80,120.85,111.85,114.65,3152500,53.933
2012-03-23,116.10,121.00,115.65,119.10,1632500,56.026
2012-03-22,117.10,119.75,115.10,115.90,3370500,54.521
2012-03-21,117.50,118.50,115.10,116.95,1498500,55.015
2012-03-20,114.85,118.85,114.80,116.30,2614700,54.709
2012-03-19,113.50,116.70,112.75,114.15,1260700,53.698
2012-03-16,115.00,116.55,111.10,113.30,1216300,53.298
2012-03-15,116.20,117.75,113.50,114.50,1009200,53.863
2012-03-14,120.00,120.90,115.65,117.05,1212400,55.062
2012-03-13,119.20,120.20,117.20,118.55,1959900,55.768
2012-03-12,114.30,119.50,114.30,118.00,1783900,55.509
2012-03-09,114.50,118.40,113.50,114.85,2270100,54.027
2012-03-08,111.60,111.60,111.60,111.60,000,52.498
2012-03-07,111.00,113.50,108.20,112.25,2794100,52.804
2012-03-06,119.50,122.90,113.10,113.90,2863300,53.58
2012-03-05,121.00,124.80,117.35,120.05,5036800,56.473
2012-03-02,113.40,121.75,109.15,120.15,7321500,56.52
2012-03-01,111.00,114.60,110.20,111.60,2029400,52.498
2012-02-29,113.25,117.05,108.75,112.10,2484600,52.734
2012-02-28,103.90,113.70,101.05,112.55,5327100,52.945
2012-02-27,110.90,110.90,102.55,103.90,1486900,48.876
2012-02-24,114.35,115.75,107.60,109.50,1355300,51.51
2012-02-23,113.15,115.60,110.65,112.90,1970300,53.11
2012-02-22,116.90,122.90,111.50,113.70,3878300,53.486
2012-02-21,119.50,121.20,116.50,117.20,2343400,55.133
2012-02-20,118.75,118.75,118.75,118.75,000,55.862
2012-02-17,121.00,124.05,111.50,118.75,2759200,55.862
2012-02-16,113.50,121.40,113.50,119.20,3266200,56.074
2012-02-15,120.00,120.70,114.55,115.70,3590400,54.427
2012-02-14,110.00,118.85,104.40,117.85,7839000,55.438
2012-02-13,109.90,112.00,106.60,109.15,3535200,51.346
2012-02-10,118.00,118.45,108.05,110.65,8015100,52.051
2012-02-09,120.00,120.00,115.00,117.40,2289700,55.227
2012-02-08,117.10,122.00,114.85,119.60,2399200,56.262
2012-02-07,123.50,123.50,115.70,116.65,1882900,54.874
2012-02-06,121.90,124.40,118.60,119.60,2796400,56.262
2012-02-03,115.65,121.00,114.10,120.40,2748300,56.638
2012-02-02,118.65,119.75,112.40,115.45,2177000,54.309
2012-02-01,115.55,118.70,113.15,117.45,2934300,55.25
2012-01-31,108.00,116.15,107.30,115.00,4130800,54.098
2012-01-30,115.80,115.80,106.30,107.40,1808200,50.523
2012-01-27,111.00,115.55,108.15,113.00,3744100,53.157
2012-01-26,110.20,110.20,110.20,110.20,000,51.84
2012-01-25,102.70,110.90,102.25,110.20,6936100,51.84
2012-01-24,99.95,103.00,99.60,101.65,1555100,47.818
2012-01-23,100.70,103.40,99.00,99.80,2097400,46.947
2012-01-20,97.65,103.40,97.50,99.95,5913000,47.018
2012-01-19,98.30,99.50,95.50,96.60,2683400,45.442
2012-01-18,103.60,103.60,97.10,97.80,2259200,46.007
2012-01-17,100.35,106.10,100.35,102.35,2720800,48.147
2012-01-16,107.25,107.25,103.50,104.70,1322600,49.252
2012-01-13,105.30,108.45,105.00,107.25,1278100,50.452
2012-01-12,108.10,108.50,104.00,105.10,1300400,49.441
2012-01-11,104.05,109.60,101.70,107.60,2978500,50.617
2012-01-10,99.55,102.10,96.70,101.05,2916600,47.535
2012-01-09,90.55,97.30,89.95,96.55,2553400,45.419
2012-01-06,92.00,93.45,89.55,89.80,1994700,42.243
2012-01-05,88.80,92.30,88.80,91.80,655800,43.184
2012-01-04,89.60,91.25,88.75,90.00,770700,42.337
2012-01-03,86.95,91.80,86.85,91.00,1263900,42.808
2012-01-02,85.90,87.00,85.40,86.25,528600,40.573
2011-12-30,84.45,86.05,84.45,85.15,1244300,40.056
2011-12-29,87.00,88.30,83.05,84.40,1860000,39.703
2011-12-28,88.75,88.80,86.70,87.35,515800,41.091
2011-12-27,90.00,90.85,87.60,88.85,637600,41.796
2011-12-26,88.20,91.10,88.05,89.85,826300,42.267
2011-12-23,89.90,90.20,87.55,87.95,912600,41.373
2011-12-22,90.95,94.85,85.50,88.40,3003000,41.585
2011-12-21,91.25,91.85,88.70,90.30,512900,42.479
2011-12-20,89.00,90.65,87.55,88.95,921800,41.843
2011-12-19,88.00,89.60,85.90,88.25,1222900,41.514
2011-12-16,93.00,94.00,88.40,89.45,2805200,42.079
2011-12-15,90.10,92.50,87.10,91.60,2449600,43.09
2011-12-14,93.90,95.40,90.90,91.45,2853000,43.019
2011-12-13,91.60,94.50,90.60,93.65,2149100,44.054
2011-12-12,91.00,93.15,90.30,91.50,2278600,43.043
2011-12-09,90.45,91.00,88.80,89.75,975400,42.22
2011-12-08,94.00,94.80,89.85,91.25,2604600,42.925
2011-12-07,96.30,98.30,93.50,94.55,3933100,44.478
2011-12-06,96.25,96.25,96.25,96.25,000,45.277
2011-12-05,93.45,97.00,92.05,96.25,2742100,45.277
2011-12-02,92.75,93.20,88.65,92.70,1916200,43.608
2011-12-01,92.80,94.55,91.00,92.60,2099000,43.56
2011-11-30,88.15,92.00,86.25,91.05,2329500,42.831
2011-11-29,90.25,92.30,88.55,89.40,3263400,42.055
2011-11-28,94.95,94.95,89.55,90.80,4923900,42.714
2011-11-25,90.50,94.05,88.90,92.75,2511400,43.631
2011-11-24,90.00,92.25,87.75,90.60,5550700,42.62
2011-11-23,83.20,91.45,83.20,90.10,4791100,42.384
2011-11-22,84.50,90.40,82.25,89.40,5463000,42.055
2011-11-21,82.80,85.80,81.70,83.75,5204000,39.397
2011-11-18,84.95,85.10,80.15,82.00,6118700,38.574
2011-11-17,91.25,93.30,84.20,85.10,4875000,40.032
2011-11-16,97.50,97.50,91.10,91.95,3835600,43.255
2011-11-15,103.50,103.55,95.15,95.65,5320300,44.995
2011-11-14,115.90,115.90,103.50,104.20,2897400,49.017
2011-11-11,118.80,120.00,110.05,111.25,4448000,52.334
2011-11-09,121.50,122.30,117.25,118.80,7432500,55.885
2011-11-08,128.90,128.90,122.55,123.00,3554400,57.861
2011-11-04,128.35,130.00,126.55,128.30,1027800,60.354
2011-11-03,129.15,130.20,126.00,127.40,618700,59.931
2011-11-02,129.00,131.65,128.50,129.20,869700,60.778
2011-11-01,128.20,132.80,127.00,130.10,1795000,61.201
2011-10-31,128.60,130.40,127.00,128.20,674300,60.307
2011-10-28,125.05,129.80,125.05,128.55,1868700,60.472
2011-10-26,122.20,124.75,122.20,123.95,276200,58.308
2011-10-25,125.40,127.40,120.20,121.20,1788100,57.014
2011-10-24,122.00,124.60,121.85,122.85,810800,57.791
2011-10-21,126.35,126.50,121.60,122.00,1005800,57.391
2011-10-20,126.80,127.00,124.10,125.40,813700,58.99
2011-10-19,125.60,127.95,125.60,127.25,780700,59.86
2011-10-18,125.05,126.70,123.10,125.25,1115600,58.92
2011-10-17,129.70,129.75,125.85,126.20,1029500,59.366
2011-10-14,130.35,133.50,127.55,128.15,1792300,60.284
2011-10-13,137.40,137.40,131.20,132.65,1170000,62.401
2011-10-12,130.45,136.00,130.25,135.35,3142700,63.671
2011-10-11,129.15,132.60,127.00,129.00,2418000,60.684
2011-10-10,121.65,128.40,120.85,127.45,2622900,59.954
2011-10-07,119.50,123.70,119.25,120.45,1219600,56.662
2011-10-05,120.10,121.70,118.05,118.50,1140300,55.744
2011-10-04,120.70,121.90,118.00,119.20,1334400,56.074
2011-10-03,123.60,125.00,119.00,120.70,1447700,56.779
2011-09-30,129.00,129.80,123.50,124.05,1678000,58.355
2011-09-29,127.40,131.50,123.00,129.25,2645300,60.801
2011-09-28,131.10,131.95,125.25,126.35,1636800,59.437
2011-09-27,130.70,132.40,130.00,130.40,1340900,61.342
2011-09-26,134.00,134.40,127.40,128.25,2100500,60.331
2011-09-23,135.50,136.75,130.70,132.40,1652000,62.283
2011-09-22,139.55,140.50,133.80,135.70,2530700,63.835
2011-09-21,143.70,144.50,140.25,142.80,1746000,67.175
2011-09-20,138.70,144.90,136.50,143.75,2425200,67.622
2011-09-19,134.00,141.55,133.80,137.60,2642400,64.729
2011-09-16,134.00,138.50,128.35,135.30,3268900,63.647
2011-09-15,131.80,132.45,128.10,130.30,1421300,61.295
2011-09-14,130.50,132.35,127.15,130.75,1513200,61.507
2011-09-13,131.50,134.40,128.80,130.35,2430100,61.319
2011-09-12,130.30,133.00,129.80,131.40,1589200,61.813
2011-09-09,137.50,139.00,132.35,134.05,1223900,63.059
2011-09-08,138.90,139.85,135.10,136.25,2391800,64.094
2011-09-07,134.95,138.80,133.90,137.55,2911900,64.706
2011-09-06,129.00,134.15,127.10,132.85,3174200,62.495
2011-09-05,127.00,130.15,125.85,129.05,1436200,60.707
2011-09-02,127.60,129.40,125.00,128.70,1755600,60.542
2011-08-30,130.00,130.50,124.10,126.00,2230600,59.272
2011-08-29,125.95,129.00,125.00,128.45,1275500,60.425
2011-08-26,131.50,133.85,122.50,123.80,4145100,58.237
2011-08-25,130.40,132.80,124.50,128.95,3020200,60.66
2011-08-24,131.50,134.80,129.80,130.40,1633900,61.342
2011-08-23,127.00,132.80,125.40,132.00,4066400,62.095
2011-08-22,136.40,138.20,123.50,124.70,7618000,58.661
2011-08-19,140.00,142.90,135.10,137.00,1584400,64.447
2011-08-18,143.10,146.70,140.15,143.70,1755600,67.599
2011-08-17,150.00,150.00,138.50,142.75,3564000,67.152
2011-08-16,156.80,158.90,145.00,145.85,2821900,68.61
2011-08-12,157.00,159.50,153.00,155.95,1543400,73.361
2011-08-11,154.65,156.70,152.15,154.55,2424000,72.703
2011-08-10,151.40,157.00,151.10,156.45,3530300,73.596
2011-08-09,152.00,157.45,144.25,149.85,4766400,70.492
2011-08-08,157.35,160.60,153.05,157.45,3215600,74.067
2011-08-05,156.00,163.50,151.65,162.30,3105100,76.348
2011-08-04,164.40,167.25,163.15,164.20,2040900,77.242
2011-08-03,163.00,164.85,158.60,163.25,3445800,76.795
2011-08-02,170.10,170.90,159.50,163.25,4048200,76.795
2011-08-01,173.05,174.40,168.50,169.55,1805100,79.759
2011-07-29,171.85,173.35,168.60,170.75,3149300,80.323
2011-07-28,182.00,182.00,171.00,171.55,3873400,80.70
2011-07-27,187.55,188.90,180.60,181.80,2124400,85.522
2011-07-26,181.50,188.70,181.00,186.10,4874400,87.544
2011-07-25,175.20,182.90,173.20,181.45,4309900,85.357
2011-07-22,171.40,175.30,171.40,174.65,1263900,82.158
2011-07-21,173.00,173.00,169.10,170.35,1058000,80.135
2011-07-20,177.00,177.90,171.00,172.80,2998400,81.288
2011-07-19,174.00,177.80,172.75,176.60,3111700,82.135
2011-07-18,175.30,175.35,170.35,173.30,1814000,80.60
2011-07-15,171.00,175.50,171.00,173.85,3147200,80.856
2011-07-14,166.40,172.15,165.55,171.00,1830100,79.53
2011-07-13,167.70,169.20,165.90,166.85,1426800,77.60
2011-07-12,166.50,169.90,164.05,166.30,1559500,77.344
2011-07-11,169.85,169.85,166.00,166.85,1327900,77.60
2011-07-08,172.10,173.70,169.20,169.75,1605300,78.949
2011-07-07,172.05,173.40,171.10,171.80,2536400,79.902
2011-07-06,174.10,174.90,169.85,171.55,1794800,79.786
2011-07-05,175.55,176.00,172.00,173.15,1771400,80.53
2011-07-04,172.00,176.90,170.60,174.95,1615000,81.367
2011-07-01,173.50,175.00,169.15,170.55,1294100,79.321
2011-06-30,174.80,174.80,171.10,172.15,2944900,80.065
2011-06-29,175.90,179.00,173.65,175.40,2554100,81.576
2011-06-28,175.70,176.00,170.00,174.85,785800,81.321
2011-06-27,170.00,175.30,168.65,174.05,1486600,80.949
2011-06-24,168.00,171.50,167.40,170.80,719800,79.437
2011-06-23,170.00,170.00,165.25,167.15,1104200,77.739
2011-06-22,172.00,173.90,169.10,170.20,983000,79.158
2011-06-21,176.00,176.00,165.35,170.45,2177800,79.274
2011-06-20,176.00,176.00,164.75,166.25,1861600,77.321
2011-06-17,175.35,176.80,173.00,174.25,814200,81.042
2011-06-16,176.00,177.40,174.15,175.35,954100,81.553
2011-06-15,176.55,179.20,175.05,177.65,1735100,82.623
2011-06-14,175.20,178.00,174.00,175.35,1469500,81.553
2011-06-13,174.50,176.50,172.50,175.20,1992200,81.483
2011-06-10,181.20,182.70,175.15,175.85,2159200,81.786
2011-06-09,180.95,182.75,179.70,180.90,1495300,84.134
2011-06-08,182.00,185.00,178.75,179.80,3237400,83.623
2011-06-07,175.00,181.90,174.00,181.15,2804700,84.251
2011-06-06,173.25,177.80,173.25,174.30,1091900,81.065
2011-06-03,178.00,179.20,175.85,177.20,1021400,82.414
2011-06-02,177.45,179.05,170.85,177.15,2370800,82.39
2011-06-01,177.40,180.75,174.55,176.00,3676700,81.855
2011-05-31,172.75,177.80,172.20,176.60,2490500,82.135
2011-05-30,165.70,173.15,165.70,172.15,3076000,80.065
2011-05-27,163.00,167.80,158.60,165.70,2638700,77.065
2011-05-26,162.55,165.30,161.15,163.55,5102400,76.065
2011-05-25,169.00,171.50,160.55,162.05,6249300,75.368
2011-05-24,176.00,176.50,164.25,168.45,12233000,78.344
2011-05-23,193.00,193.00,173.60,175.70,5826500,81.716
2011-05-20,192.10,194.70,191.75,193.40,966500,89.948
2011-05-19,193.45,193.80,191.20,192.15,445200,89.367
2011-05-18,192.05,193.70,190.90,192.55,1238900,89.553
2011-05-17,195.40,195.70,186.70,190.10,1517000,88.413
2011-05-16,194.40,196.80,192.80,194.80,1282000,90.599
2011-05-13,190.00,197.70,189.55,194.05,1494100,90.25
2011-05-12,185.05,193.85,185.05,192.10,1544100,89.343
2011-05-11,193.95,195.80,191.10,191.90,1699100,89.25
2011-05-10,183.50,195.60,183.00,193.65,7218300,90.064
2011-05-09,183.05,185.50,180.35,181.35,1569000,84.344
2011-05-06,182.60,184.40,180.00,182.35,1405500,84.809
2011-05-05,188.60,188.90,181.00,181.85,1259300,84.576
2011-05-04,183.10,188.40,182.50,187.20,1418300,87.064
2011-05-03,187.00,188.85,181.10,182.65,1996800,84.948
2011-05-02,195.00,196.00,186.20,187.60,1753000,87.251
2011-04-29,196.00,198.15,193.05,194.50,955100,90.46
2011-04-28,197.20,198.75,194.00,196.10,4206500,91.204
2011-04-27,198.70,201.30,194.10,195.35,2172400,90.855
2011-04-26,198.00,198.10,194.95,197.20,1197300,91.715
2011-04-25,195.00,199.00,194.40,197.15,1326400,91.692
2011-04-22,195.05,195.05,195.05,195.05,000,90.715
2011-04-21,196.80,197.40,194.85,195.35,794200,90.855
2011-04-20,195.55,196.80,193.60,195.40,695300,90.878
2011-04-19,194.40,195.70,192.00,193.65,701800,90.064
2011-04-18,195.05,199.45,192.85,193.55,2301500,90.018
2011-04-15,198.10,198.20,193.00,193.75,1587300,90.111
2011-04-14,196.35,196.35,196.35,196.35,000,91.32
2011-04-13,192.40,196.90,188.70,196.30,1887300,91.297
2011-04-12,190.10,190.10,190.10,190.10,000,88.413
2011-04-11,202.10,202.10,189.50,190.30,2310000,88.506
2011-04-08,201.40,203.50,192.00,194.35,4236600,90.39
2011-04-07,202.50,206.00,200.20,201.40,1849500,93.669
2011-04-06,198.50,204.80,197.80,202.20,5131300,94.041
2011-04-05,199.15,200.25,196.15,197.70,1724100,91.948
2011-04-04,197.85,200.50,196.15,198.15,2044500,92.157
2011-04-01,197.00,198.05,194.50,195.85,1336900,91.087
2011-03-31,195.00,198.40,189.50,195.95,7943100,91.134
2011-03-30,193.00,195.80,188.00,193.70,5849600,90.088
2011-03-29,186.75,193.95,185.00,191.30,6077600,88.971
2011-03-28,198.70,199.65,184.60,185.90,9869900,86.46
2011-03-25,201.00,203.80,197.10,198.05,1787700,92.111
2011-03-24,202.25,204.85,198.55,199.85,2153700,92.948
2011-03-23,199.00,204.80,199.00,202.65,2493700,94.25
2011-03-22,197.55,202.30,196.60,199.90,3231100,92.971
2011-03-21,202.30,205.35,195.00,196.05,5248300,91.181
2011-03-18,193.00,209.55,192.50,202.00,14058500,93.948
2011-03-17,193.00,198.00,191.00,192.00,3524900,89.297
2011-03-16,189.80,196.15,188.85,193.85,2067900,90.157
2011-03-15,185.00,193.60,181.30,187.55,3087200,87.227
2011-03-14,190.00,191.80,185.30,190.35,1436800,88.53
2011-03-11,195.75,197.80,186.40,189.00,3745200,87.902
2011-03-10,191.00,197.95,189.25,196.80,3574700,91.529
2011-03-09,186.45,192.30,184.00,191.60,4374800,89.111
2011-03-08,180.00,187.70,179.50,185.50,3670700,86.274
2011-03-07,184.00,184.00,177.10,179.55,2205900,83.507
2011-03-04,179.45,186.30,178.00,183.75,7044900,85.46
2011-03-03,183.00,183.50,172.00,176.45,7754800,82.065
2011-03-02,183.00,183.00,183.00,183.00,000,85.111
2011-03-01,172.80,184.10,171.45,182.40,8700600,84.832
2011-02-28,167.50,173.25,158.95,169.90,11883800,79.018
2011-02-25,177.90,178.00,156.20,165.50,18658400,76.972
2011-02-24,197.00,197.00,165.10,170.15,48861600,79.135
2011-02-23,230.00,230.00,200.65,204.60,2942000,95.157
2011-02-22,228.50,228.50,220.45,222.15,934700,103.319
2011-02-21,225.65,233.00,218.00,230.60,1786100,107.249
2011-02-18,238.05,240.50,222.60,224.35,1090100,104.342
2011-02-17,243.00,243.40,233.30,236.85,1512800,110.156
2011-02-16,239.00,246.35,235.45,241.95,879400,112.528
2011-02-15,237.00,244.00,233.00,239.00,1071600,111.156
2011-02-14,238.50,239.90,231.05,233.45,1107000,108.575
2011-02-11,231.25,237.75,227.05,236.50,1069900,109.993
2011-02-10,224.40,234.80,206.90,228.50,890600,106.273
2011-02-09,1170.00,1170.00,1090.00,1099.15,1410900,102.24
2011-02-08,1153.20,1182.90,1140.00,1174.25,2455600,109.226
2011-02-07,1199.00,1207.55,1150.10,1156.80,3131300,107.603
2011-02-04,1174.85,1192.60,1150.10,1174.15,1617300,109.217
2011-02-03,1187.50,1187.95,1147.65,1154.05,1379500,107.347
2011-02-02,1186.70,1208.10,1161.20,1166.45,807700,108.50
2011-02-01,1205.00,1214.80,1160.55,1179.00,1065800,109.668
2011-01-31,1176.85,1244.85,1164.25,1186.75,2379600,110.389
2011-01-28,1250.00,1250.00,1151.35,1177.15,1733600,109.496
2011-01-27,1255.55,1271.50,1225.05,1236.65,1691200,115.03
2011-01-26,1251.00,1251.00,1251.00,1251.00,000,116.365
2011-01-25,1260.30,1273.90,1251.00,1255.55,982500,116.788
2011-01-24,1266.40,1272.70,1255.30,1264.05,909500,117.579
2011-01-21,1261.00,1279.00,1251.50,1266.40,884800,117.797
2011-01-20,1271.20,1276.00,1246.30,1259.95,2087900,117.198
2011-01-19,1295.05,1299.50,1268.60,1276.50,855000,118.737
2011-01-18,1280.00,1297.00,1277.65,1292.35,622500,120.211
2011-01-17,1292.55,1307.00,1273.00,1277.70,1012200,118.849
2011-01-14,1285.00,1336.00,1281.15,1296.05,1411000,120.555
2011-01-13,1333.60,1344.50,1293.00,1297.65,753700,120.704
2011-01-12,1305.00,1334.95,1291.00,1331.00,1455100,123.806
2011-01-11,1295.00,1317.60,1282.00,1295.05,1208100,120.462
2011-01-10,1290.05,1329.00,1270.00,1293.35,2544800,120.304
2011-01-07,1360.00,1373.80,1302.10,1312.70,1394100,122.104
2011-01-06,1341.10,1375.40,1341.10,1355.45,1922300,126.081
2011-01-05,1369.00,1376.95,1355.00,1359.20,1856000,126.43
2011-01-04,1349.80,1365.50,1328.50,1359.65,2656800,126.471
2011-01-03,1306.50,1343.80,1306.50,1331.10,1348800,123.816
