Date,Open,High,Low,Close,Volume,Adj Close
12/31/2013,323,324,320.3,321.85,3471100,316.11
12/30/2013,322,324,320,322.4,3839300,316.65
12/27/2013,321,323.65,320,322.45,5454400,316.7
12/26/2013,319.1,321.4,317.7,320.25,10307400,314.54
12/25/2013,319.05,319.05,319.05,319.05,0,313.36
12/24/2013,319.75,320,317.5,319.05,4400900,313.36
12/23/2013,315.2,319.9,314.85,319.2,5825100,313.51
12/20/2013,314,315.9,310.35,315.2,10017100,309.58
12/19/2013,317,317.5,311.1,313.65,7483300,308.06
12/18/2013,315.3,317.65,312.8,315.55,7984400,309.93
12/17/2013,314.85,315.85,312.1,315.3,5447100,309.68
12/16/2013,314.35,315,310.7,312.8,4261900,307.23
12/13/2013,315.6,317.5,312.35,315.3,4770100,309.68
12/12/2013,320.85,322,315.7,316.8,4168400,311.15
12/11/2013,317,321.75,317,320.85,7004800,315.13
12/10/2013,313.25,318.5,313,317.9,10737700,312.23
12/9/2013,316,317.6,310.65,313.05,6250200,307.47
12/6/2013,309.75,312.35,308.45,311.05,8480100,305.51
12/5/2013,316,318.45,307.55,308.75,10274800,303.25
12/4/2013,319,319.4,311.85,312.85,4393000,307.27
12/3/2013,321.95,321.95,317.45,319.2,3714100,313.51
12/2/2013,320.95,323.7,318.65,321.5,3390400,315.77
11/29/2013,313.05,321,313.05,320.4,4983100,314.69
11/28/2013,316,316.8,312,313.5,6782200,307.91
11/27/2013,309.05,315.2,309.05,314.15,4909400,308.55
11/26/2013,315.25,316.2,309.05,310.75,6813000,305.21
11/25/2013,311.35,316.9,311,316.2,4344400,310.56
11/22/2013,314.95,315.9,307.75,308.7,5967800,303.2
11/21/2013,319.3,320,311.1,312.95,6659700,307.37
11/20/2013,323.35,325.85,320,320.75,7505000,315.03
11/19/2013,326.9,327.65,322.5,323.5,4789300,317.73
11/18/2013,316,327,316,326.1,8351800,320.29
11/15/2013,314.45,314.45,314.45,314.45,0,308.85
11/14/2013,312,318,312,314.45,4288600,308.85
11/13/2013,320,320,313.5,314.15,4931200,308.55
11/12/2013,318,320.9,316.8,319.9,4258400,314.2
11/11/2013,317.9,321.9,313.1,316.65,6277100,311.01
11/8/2013,320.85,323.7,317.2,319.55,4441300,313.85
11/7/2013,319.05,323.8,315,320.45,7213000,314.74
11/6/2013,320,322.55,317.2,318.7,6070100,313.02
11/5/2013,329.1,329.9,318.1,319,13008500,313.31
11/4/2013,328.05,328.05,328.05,328.05,0,322.2
11/1/2013,333.15,334,327,328.05,6893600,322.2
10/31/2013,331.35,336.5,330.35,335,10967900,329.03
10/30/2013,329.5,333.5,325.55,333.1,10468800,327.16
10/29/2013,327.3,332.05,323,327.9,11374000,322.06
10/28/2013,338,338,326.3,327.95,13467500,322.11
10/25/2013,344.9,347,336,340.05,5868200,333.99
10/24/2013,342.4,348.35,340.2,342.75,6440200,336.64
10/23/2013,342.15,344.5,338.5,341.6,4730700,335.51
10/22/2013,342.4,344.8,340.5,341.55,4351300,335.46
10/21/2013,355,356,343,344.7,6513600,338.56
10/18/2013,347.7,356.1,345.15,354.55,7835300,348.23
10/17/2013,340,346.5,339.2,345.5,4494600,339.34
10/16/2013,340,340,340,340,0,333.94
10/15/2013,339,342.8,333.35,340,5010200,333.94
10/14/2013,343.5,343.5,338.65,339.8,2679900,333.74
10/11/2013,348.6,349.95,340.7,342.2,3563500,336.1
10/10/2013,346.7,350.8,344.7,347.15,3419700,340.96
10/9/2013,347.5,350.5,343.55,348.55,5189500,342.34
10/8/2013,342.25,348.65,339.6,347.65,5593900,341.45
10/7/2013,338.9,340.95,332,340.05,5227500,333.99
10/4/2013,338.75,341.75,335.35,339.85,4442100,333.79
10/3/2013,346,346,337,338.75,7716300,332.71
10/2/2013,343,343,343,343,0,336.89
10/1/2013,340.35,343.5,338,343,4267000,336.89
9/30/2013,345.35,346.5,338.35,340.4,5554600,334.33
9/27/2013,350.9,350.9,345.05,347.9,5520700,341.7
9/26/2013,343.3,350,341,349.3,7898800,343.07
9/25/2013,349.5,350,336.85,344.75,7236400,338.61
9/24/2013,347.3,353.65,345.2,348.95,8400900,342.73
9/23/2013,351.1,357,346.65,349.85,5245900,343.61
9/20/2013,354.9,358,346.3,355.3,8564500,348.97
9/19/2013,348.4,356.5,348.25,355.45,9855800,349.11
9/18/2013,341,345,339.2,343.55,6755200,337.43
9/17/2013,332.1,339.8,331.55,338.7,4386000,332.66
9/16/2013,335.05,339,330.35,333.95,7098500,328
9/13/2013,337.85,338.9,329.95,331.35,7337200,325.44
9/12/2013,331.75,338.9,329.25,336.5,10804300,330.5
9/11/2013,336,337,327.05,329.95,7535200,324.07
9/10/2013,320,338.4,319,335.9,12107800,329.91
9/9/2013,316.4,316.4,316.4,316.4,0,310.76
9/6/2013,313,318.8,310.3,316.4,7355700,310.76
9/5/2013,307.75,316.4,307.5,312.15,9083000,306.59
9/4/2013,305,305,293.6,299.85,13970700,294.51
9/3/2013,321.4,323.65,295.6,300.7,13470300,295.34
9/2/2013,310,323.8,308.8,320.4,9141300,314.69
8/30/2013,306,312,300,308.7,11370500,303.2
8/29/2013,299.7,309,295,305.55,11572300,300.1
8/28/2013,296,304.8,285.2,298.2,13807500,292.89
8/27/2013,306.25,306.75,290.65,297.9,11537400,292.59
8/26/2013,310.25,312.65,306.05,307.5,5797600,302.02
8/23/2013,308.7,309.85,301.05,308.5,9826000,303
8/22/2013,301,310.7,290,307.95,13410000,302.46
8/21/2013,320,320.9,296.15,300.85,9948000,295.49
8/20/2013,312.2,322.7,303,315.3,12472300,309.68
8/19/2013,320.4,321.85,310,313.9,8253100,308.31
8/16/2013,334,338,317.5,320.4,12001300,314.69
8/15/2013,334.85,334.85,334.85,334.85,0,328.88
8/14/2013,333.15,337,329.1,334.85,6426300,328.88
8/13/2013,337.4,339.2,332.6,334.2,9939900,328.24
8/12/2013,329.9,337.5,325,335.65,12230800,329.67
8/9/2013,325.35,325.35,325.35,325.35,0,319.55
8/8/2013,322.1,327.2,320.4,325.35,6077200,319.55
8/7/2013,331,332.75,318.5,322.1,7891000,316.36
8/6/2013,335.35,335.8,329,330.25,7406500,324.36
8/5/2013,333.25,340.95,332.15,335.4,5757200,329.42
8/2/2013,340,344,329.65,332.95,6029300,327.02
8/1/2013,343.5,349.05,337.05,339.4,6364500,333.35
7/31/2013,350,354.9,336.05,341.7,13309600,335.61
7/30/2013,355.6,358.6,349,350.6,3723500,344.35
7/29/2013,365,367.7,355.6,357.95,5309600,351.57
7/26/2013,360.65,372.75,349.65,368.15,11707500,361.59
7/25/2013,373.9,374,355.75,358.9,14156900,352.5
7/24/2013,375.5,380,368.9,375.8,7124400,369.1
7/23/2013,370.35,376.1,369.45,375.75,4941800,369.05
7/22/2013,367.25,370.5,366.45,368.8,3966300,362.23
7/19/2013,368.5,371.9,365.2,369.05,5402600,362.47
7/18/2013,368.25,371.9,364.8,368.65,7624300,362.08
7/17/2013,361,370.4,360.75,368.35,11976800,361.79
7/16/2013,348,362,348,360.05,6508400,353.63
7/15/2013,352.35,353.35,347.8,352.6,4437900,346.32
7/12/2013,353.25,353.25,347.6,350.6,4262700,344.35
7/11/2013,351.85,354.4,345.8,353.4,4610200,347.1
7/10/2013,348.9,348.9,343.1,345.55,4479600,339.39
7/9/2013,345.45,349.85,345.45,347.45,4627100,341.26
7/8/2013,341.2,348.6,338.75,346.7,5301600,340.52
7/5/2013,342,345,340.6,342.6,4543300,336.49
7/4/2013,326.5,339.8,326.35,338.85,6430400,332.81
7/3/2013,323.8,327.5,320.15,326.35,6757100,320.53
7/2/2013,325,326.55,322.5,324.85,6020600,319.06
7/1/2013,325,326.8,322.5,325.95,8862600,320.14
6/28/2013,322.6,330,321.25,324.35,9213000,318.57
6/27/2013,325.9,326.9,317.05,321.7,10298600,315.97
6/26/2013,321.75,326.9,318.7,322.95,8792200,317.19
6/25/2013,316.5,321.5,311,319.7,8305800,314
6/24/2013,320.35,325.6,311.35,314.4,8457200,308.8
6/21/2013,322,324.8,317.5,322.35,6720700,316.6
6/20/2013,327.85,327.9,319,322.7,10413900,316.95
6/19/2013,329.95,330.7,327.2,329.9,4539800,324.02
6/18/2013,330.55,332.1,328.3,330.15,5402800,324.27
6/17/2013,332.8,332.8,326.1,331.85,3405900,325.94
6/14/2013,329.4,333,326.25,331.75,5404700,325.84
6/13/2013,329.15,330.35,323.5,327,8235000,321.17
6/12/2013,332.8,333.95,328.05,331,6736700,325.1
6/11/2013,334.8,337.25,333,334.35,6580700,328.39
6/10/2013,334.05,338,333.85,337,3183600,330.99
6/7/2013,333,338.5,331.15,333.85,4348600,327.9
6/6/2013,334,336.75,330.1,334.9,4263300,328.93
6/5/2013,335.5,336.95,330.35,334,5576700,328.05
6/4/2013,335.85,338.7,335.1,337.3,6169500,331.29
6/3/2013,340.65,341.9,333.2,336.05,4852000,330.06
5/31/2013,351.5,351.5,338.6,339.9,7417500,333.84
5/30/2013,342.4,355.9,341.9,354.3,11260300,342.83
5/29/2013,341,343.15,337.45,342.65,4557800,331.56
5/28/2013,332.65,341.85,332.6,340,5465000,328.99
5/27/2013,330,334.6,329.5,333.9,5338900,323.09
5/24/2013,334,334.15,328.7,329.9,7076600,319.22
5/23/2013,333.4,335.95,330.35,332.5,5150600,321.73
5/22/2013,329.15,337,329.15,335.55,6504900,324.69
5/21/2013,334,335.4,328.85,331,5137800,320.28
5/20/2013,335,342.1,334,334.65,7388700,323.82
5/17/2013,338.65,341.45,333.1,334.9,16268200,324.06
5/16/2013,341.15,343.5,332.65,337,7384700,326.09
5/15/2013,338.05,343.95,336,342.45,8269600,331.36
5/14/2013,338.9,339.85,333.05,335.85,6802100,324.98
5/13/2013,354,354,334.35,335.8,10946100,324.93
5/10/2013,343.6,354.15,342,353.15,6600900,341.72
5/9/2013,344.45,345.95,341.65,344.5,4002800,333.35
5/8/2013,336.75,344.8,334.35,344.8,4753500,333.64
5/7/2013,326.1,336,326.1,335.3,5113000,324.44
5/6/2013,330,332.5,325.4,326.2,2638500,315.64
5/3/2013,333.15,333.4,328.9,330.7,5787000,319.99
5/2/2013,327.55,334.95,325.2,333.55,6126300,322.75
5/1/2013,328.85,328.85,328.85,328.85,0,318.2
4/30/2013,326,335.6,326,328.85,8543600,318.2
4/29/2013,318.1,325,316.65,324.65,4136200,314.14
4/26/2013,317.5,319.85,316.7,318.9,4303700,308.58
4/25/2013,315.35,323.25,315.2,319.85,12373900,309.49
4/24/2013,317.6,317.6,317.6,317.6,0,307.32
4/23/2013,317.5,318,314.05,317.6,2913800,307.32
4/22/2013,313.65,318,313.05,317,4549400,306.74
4/19/2013,315.3,315.3,315.3,315.3,0,305.09
4/18/2013,311.1,316.5,310.3,315.3,5883900,305.09
4/17/2013,308,314,307.1,313.1,7515900,302.96
4/16/2013,299.85,308.9,297.7,307.95,6720700,297.98
4/15/2013,292,300.9,289.2,299.95,7499900,290.24
4/12/2013,287.85,295.65,286,292.9,8627700,283.42
4/11/2013,287.6,288.85,283.35,284.3,10182600,275.1
4/10/2013,291,291,281.15,284.85,8947300,275.63
4/9/2013,293.25,295.45,285.95,287.2,6210100,277.9
4/8/2013,292.45,293.8,285.6,292.85,5037600,283.37
4/5/2013,299.45,299.45,290,291.3,7040700,281.87
4/4/2013,306.9,307.35,298.6,299.1,4437500,289.42
4/3/2013,306.95,309.4,304.35,307.6,4825300,297.64
4/2/2013,306.6,308.6,304.4,307.15,4086700,297.21
4/1/2013,309,309.9,305.7,307.2,2706200,297.25
3/29/2013,309.45,309.45,309.45,309.45,0,299.43
3/28/2013,307.7,310,304.6,309.45,8318600,299.43
3/27/2013,306.35,306.35,306.35,306.35,0,296.43
3/26/2013,303,308,302,306.35,5984400,296.43
3/25/2013,306.15,308,301.25,302.4,6132900,292.61
3/22/2013,306.4,307,303.15,305.6,5132900,295.71
3/21/2013,307.25,307.9,304.2,305,9374100,295.13
3/20/2013,305,308,304.15,307.2,10151900,297.25
3/19/2013,307,307.5,303.65,306.3,8507900,296.38
3/18/2013,300.8,305.4,300.55,304.25,4040100,294.4
3/15/2013,302.05,303,301.15,301.9,6291300,292.13
3/14/2013,301.65,303.9,300,301.9,5520100,292.13
3/13/2013,298,302.75,298,301.65,7471600,291.88
3/12/2013,296.9,300.45,295.2,298.85,4024000,289.17
3/11/2013,298,299.5,296.5,297.55,4420100,287.92
3/8/2013,294.45,299,292.45,297.7,6016500,288.06
3/7/2013,286.15,294.8,285.25,292.35,10555900,282.88
3/6/2013,295.85,295.85,286.35,287.05,9602200,277.76
3/5/2013,293.7,297.7,290,292.6,10150000,283.13
3/4/2013,291.25,294.05,284.6,292.5,9152000,283.03
3/1/2013,295,297.7,289,291.25,11240500,281.82
2/28/2013,295.85,303.9,291.2,294.8,32229000,285.26
2/27/2013,292,297.4,291.25,294.8,10635200,285.26
2/26/2013,293,298.35,288.8,290.85,7081500,281.43
2/25/2013,292.9,294.85,289.1,292.65,5501300,283.18
2/22/2013,296,298.25,290.6,292,6519800,282.55
2/21/2013,299.5,300.5,294.75,296.6,10319100,287
2/20/2013,302.95,305.7,299.35,300,7385100,290.29
2/19/2013,300,302.55,298.5,301.65,3725600,291.88
2/18/2013,300.45,300.9,298.75,300.3,7468000,290.58
2/15/2013,299.5,301.95,299.35,300.6,4672200,290.87
2/14/2013,300.35,301.95,299.1,300.75,7707200,291.01
2/13/2013,301,304.5,299.2,300.35,7062900,290.63
2/12/2013,298.5,300.95,298,300.05,4417800,290.34
2/11/2013,303,303.5,296.55,299.15,5367800,289.46
2/8/2013,302,306.35,299.2,301.75,7527000,291.98
2/7/2013,303.05,305.4,302,304.05,4317700,294.21
2/6/2013,303.35,305.9,301.1,304.85,8220600,294.98
2/5/2013,305,306.7,302,302.45,5320200,292.66
2/4/2013,309.4,310.9,306.25,307.25,7740200,297.3
2/1/2013,307.75,309.95,304.55,309.4,6604400,299.38
1/31/2013,305.65,309.4,303.1,307.65,9193800,297.69
1/30/2013,304.8,306.95,300,304.2,7425700,294.35
1/29/2013,299.1,306.75,299.1,305.15,9553800,295.27
1/28/2013,300,301.2,298.4,300.75,5563500,291.01
1/25/2013,299,300.5,297.15,299.75,13767500,290.05
1/24/2013,293,298.6,292.85,297.45,13410700,287.82
1/23/2013,289.5,293.45,288.75,292.75,7814500,283.27
1/22/2013,291.6,291.75,288,289.15,8426700,279.79
1/21/2013,289,292,286.3,291.55,13437700,282.11
1/18/2013,286.7,289.85,284.65,287.45,16371800,278.14
1/17/2013,283.1,286.85,281.5,285.3,8139800,276.06
1/16/2013,284.95,285.85,282.45,284,5954200,274.81
1/15/2013,278.25,285.2,274.75,284.1,11871800,274.9
1/14/2013,273.55,278.5,273.55,277.9,6851200,268.9
1/11/2013,279.75,280.7,272.1,273.4,9274100,264.55
1/10/2013,280.05,282,278.5,281,8346600,271.9
1/9/2013,284.75,285.7,278.7,279.5,7112700,270.45
1/8/2013,279.15,286.2,279.15,285.7,8956300,276.45
1/7/2013,284.3,285,278.5,279.05,8111500,270.02
1/4/2013,284.8,284.8,280.1,282.4,6028300,273.26
1/3/2013,286.1,286.5,282.8,283.55,4349600,274.37
1/2/2013,288,289.55,284.5,285.4,6530200,276.16
1/1/2013,287.35,289.2,286.65,287.25,2654700,277.95
12/31/2012,288.1,289.45,286,286.8,2282600,277.51
12/28/2012,287.2,290,287.2,289.4,3384100,280.03
12/27/2012,292.5,292.75,287.5,288.4,7102100,279.06
12/26/2012,287.5,291,285.65,290.5,4318500,281.09
12/25/2012,287.05,287.05,287.05,287.05,0,277.76
12/24/2012,289.4,290.75,286.4,287.05,4884700,277.76
12/21/2012,285.65,289.45,281.5,287.05,23694500,277.76
12/20/2012,289.95,290.1,286.05,287.1,7645200,277.8
12/19/2012,292.35,295.4,288.75,290.1,10130600,280.71
12/18/2012,293.6,296,290.1,293.1,4238100,283.61
12/17/2012,293.55,295,291.75,293.05,3785400,283.56
12/14/2012,292.65,296.9,290.25,295.95,4475100,286.37
12/13/2012,305.1,305.4,292.3,295.25,12277700,285.69
12/12/2012,303.4,306.5,303.35,305.95,4651900,296.04
12/11/2012,301.95,305.7,301.05,303.3,5700600,293.48
12/10/2012,300.6,302.65,298,301.95,2708000,292.17
12/7/2012,300.75,303,298.85,301.5,3417300,291.74
12/6/2012,298.45,302.2,295,301.35,5905400,291.59
12/5/2012,294.6,298.95,294.6,297.9,5943200,288.26
12/4/2012,294.75,296.2,293,295.15,3084300,285.59
12/3/2012,297.5,298.3,294.15,296.15,3659000,286.56
11/30/2012,296.15,299,293.8,298.5,5711100,288.84
11/29/2012,294.05,299.95,293.65,298,10348800,288.35
11/28/2012,294.25,294.25,294.25,294.25,0,284.72
11/27/2012,287.1,295,287,294.25,6230400,284.72
11/26/2012,287.75,288,285,287.1,1428600,277.8
11/23/2012,288.95,288.95,282.9,286.6,2534400,277.32
11/22/2012,287.45,289.25,284.6,289,4088300,279.64
11/21/2012,280.55,287.25,278.6,286.1,5518400,276.84
11/20/2012,283.5,284.75,279.2,280.55,4478900,271.47
11/19/2012,274.05,282.7,273,281.7,5485100,272.58
11/16/2012,277.5,281.05,273.15,274.65,5472200,265.76
11/15/2012,282.85,282.85,275.55,276.45,8138200,267.5
11/14/2012,283.8,283.8,283.8,283.8,0,274.61
11/13/2012,283.8,283.8,283.8,283.8,0,274.61
11/12/2012,287.9,290,283.2,283.8,3554500,274.61
11/9/2012,288.05,290.4,286.6,288.15,2539200,278.82
11/8/2012,288,291.45,287.45,289,2497400,279.64
11/7/2012,289.85,290.75,287.05,289.95,4212700,280.56
11/6/2012,288.9,291.2,285.95,289.15,3877100,279.79
11/5/2012,284.05,289,282.85,288.65,3891200,279.3
11/2/2012,281.5,286.8,281.4,283.2,7118300,274.03
11/1/2012,282.05,282.8,277.2,279.3,4381600,270.26
10/31/2012,284.95,285.55,281.35,282.55,3800700,273.4
10/30/2012,287.15,288.4,283.6,284.1,3451500,274.9
10/29/2012,286,290,285.75,288.25,2960900,278.92
10/26/2012,292.05,292.05,292.05,292.05,0,282.59
10/25/2012,291.3,294,288.65,292.05,7943200,282.59
10/24/2012,290,290,290,290,0,280.61
10/23/2012,294.85,294.85,288.5,290,3533500,280.61
10/22/2012,298,298.3,291.15,294,7326800,284.48
10/19/2012,291.4,299,290.2,297.5,13483100,287.87
10/18/2012,288.5,292,286.15,291.6,8473400,282.16
10/17/2012,286.25,289.35,285.1,288.25,2918700,278.92
10/16/2012,285,288.4,284.1,286.45,4555400,277.18
10/15/2012,283.1,287.55,280.1,286.75,3434800,277.47
10/12/2012,284.75,285.2,281.6,283.5,3255400,274.32
10/11/2012,279.05,284.65,276.35,283.5,5862200,274.32
10/10/2012,279.5,281.8,278,281,3997600,271.9
10/9/2012,278.5,281.25,277.8,280.05,3854100,270.98
10/8/2012,275.7,279.4,274.05,277.75,5735200,268.76
10/5/2012,276.5,280,220.25,275.65,8159700,266.73
10/4/2012,270.3,276.45,270.3,275.3,6600000,266.39
10/3/2012,273.5,273.75,267.6,270.25,8556900,261.5
10/2/2012,273.25,273.25,273.25,273.25,0,264.4
10/1/2012,271.5,275,270.6,273.25,5045200,264.4
9/28/2012,266.5,272.85,266.1,272.4,9445900,263.58
9/27/2012,264.1,268,262.1,266.95,12328800,258.31
9/26/2012,262.7,264.6,260.45,263.8,10257500,255.26
9/25/2012,255.9,261.8,255,260.8,7134200,252.36
9/24/2012,261.5,261.6,254.05,255.85,7543800,247.57
9/21/2012,258,264.55,256.85,261.6,12013300,253.13
9/20/2012,254.7,257.3,253.6,256.45,7238600,248.15
9/19/2012,254.2,254.2,254.2,254.2,0,245.97
9/18/2012,253.95,258.25,251.8,254.2,8772400,245.97
9/17/2012,268.55,268.85,251.1,253.5,18981400,245.29
9/14/2012,271.6,272.8,266.85,268.25,11011000,259.56
9/13/2012,269.15,270.3,267.95,269.65,3610100,260.92
9/12/2012,267.75,270,266.8,269.3,3695100,260.58
9/11/2012,264.6,267.85,263.1,267.3,2494600,258.65
9/10/2012,263.9,265.5,262.25,264.65,4251000,256.08
9/7/2012,263,263.7,260.4,262.75,6861300,254.24
9/6/2012,267.05,267.45,260.1,260.45,4601300,252.02
9/5/2012,266,269.3,266,267.75,4262000,259.08
9/4/2012,267.1,268.85,265.65,266.5,2600100,257.87
9/3/2012,269,269.85,266.35,267.6,3984800,258.94
8/31/2012,270,270.5,266.3,267.65,5229100,258.98
8/30/2012,268.9,273.25,266.1,270.6,15972600,261.84
8/29/2012,268.9,269.8,266.75,269.35,3891500,260.63
8/28/2012,265.35,268.5,265.35,268.15,3874800,259.47
8/27/2012,265.05,266.25,264,265.35,1712000,256.76
8/24/2012,263.7,266.3,262.1,265.15,7159900,256.57
8/23/2012,262.2,264.95,261.5,264.25,5044400,255.69
8/22/2012,260.15,263.1,259.35,261.65,2962200,253.18
8/21/2012,262.1,262.2,259.35,260.75,6380700,252.31
8/20/2012,262.1,262.1,262.1,262.1,0,253.61
8/17/2012,258.1,263.4,258.1,262.1,5204100,253.61
8/16/2012,267.35,268.5,257.5,258.35,9763700,249.99
8/15/2012,267.8,267.8,267.8,267.8,0,259.13
8/14/2012,266.9,269.4,264.7,267.8,3546600,259.13
8/13/2012,267.35,268.95,264.2,266.9,4807200,258.26
8/10/2012,264.5,269,264.3,267.75,5519600,259.08
8/9/2012,261.4,266.85,261.4,265.6,5041700,257
8/8/2012,261,263.55,259.4,261.55,4620800,253.08
8/7/2012,258.55,261.85,257.1,261.3,3394700,252.84
8/6/2012,260.6,261.95,257.5,258.4,1919400,250.03
8/3/2012,259.85,260.9,257.65,259.35,2484100,250.95
8/2/2012,260,262,259,261.45,3503000,252.99
8/1/2012,257.95,259.5,256.3,259.05,1914300,250.66
7/31/2012,258.5,260.8,255.65,258.15,5853000,249.79
7/30/2012,255.85,258.8,254.5,258.2,5424500,249.84
7/27/2012,254.65,255.6,251.8,254.95,6425100,246.7
7/26/2012,255.8,257,248.1,249.45,14053500,241.37
7/25/2012,250.5,255.3,248.5,254.75,5294700,246.5
7/24/2012,250.75,252.4,248.6,250.3,3523500,242.2
7/23/2012,251.4,251.6,248.55,249.55,2564500,241.47
7/20/2012,252.9,254.95,252.3,252.85,1897700,244.66
7/19/2012,254.6,256.05,252.7,254.1,2952400,245.87
7/18/2012,256.4,256.7,253.75,254.95,3299100,246.7
7/17/2012,253.45,256,252.7,255.5,3134600,247.23
7/16/2012,252.7,254.6,250.95,252.05,1700400,243.89
7/13/2012,251.35,254.45,250.35,253.55,2332700,245.34
7/12/2012,253.5,256.8,251.15,251.7,3173000,243.55
7/11/2012,256.85,257.8,252.7,253.3,4905900,245.1
7/10/2012,251.75,259.2,249.1,258.4,6037200,250.03
7/9/2012,250.65,254.9,250.5,251.65,4455300,243.5
7/6/2012,251,253.5,248.7,252.75,4607000,244.57
7/5/2012,247,251,246.3,250.6,3746000,242.49
7/4/2012,248.8,248.9,244.5,246.15,5702700,238.18
7/3/2012,250,250.25,245.45,246.5,10050800,238.52
7/2/2012,259.15,260.4,247.45,250.05,9828600,241.95
6/29/2012,251.65,260,251.65,258.9,9116800,250.52
6/28/2012,248,252.7,247.15,251.3,8441900,243.16
6/27/2012,248.3,249.6,247.25,247.8,3367500,239.78
6/26/2012,249.35,249.85,246.3,247.05,4086600,239.05
6/25/2012,250,253.9,249.1,250.05,3491700,241.95
6/22/2012,250,253,246.75,250.5,2632900,242.39
6/21/2012,245.6,252,245.5,251.4,4643100,243.26
6/20/2012,249.4,249.65,244.85,246.05,4184000,238.08
6/19/2012,242.7,250,242.7,249.4,6222100,241.33
6/18/2012,247.5,250,242.5,243.2,3409300,235.33
6/15/2012,244.95,248.8,244,248,6962600,239.97
6/14/2012,243.05,248.65,243.05,244.7,5868400,236.78
6/13/2012,242.35,244.9,242.15,244.05,3729200,236.15
6/12/2012,237.15,244.25,235.55,243.05,4341800,235.18
6/11/2012,237.8,241,236.5,239.75,3310100,231.99
6/8/2012,236.75,241.3,234.75,239.2,4720500,227.1
6/7/2012,235.6,239.3,232.6,236.35,6597600,224.4
6/6/2012,225.9,237,225.9,234.55,10266100,222.69
6/5/2012,230.75,232.7,225,225.9,5072000,214.47
6/4/2012,232.4,234.25,229.35,230.1,4022900,218.46
6/1/2012,228.9,234.7,228.9,233.85,6754400,222.02
5/31/2012,229.2,232.5,227.5,229.35,20579800,217.75
5/30/2012,230.9,234.35,230.5,231.9,5435700,220.17
5/29/2012,235.75,235.95,230,230.9,5275500,219.22
5/28/2012,233,236,232.1,235.05,3536500,223.16
5/25/2012,233,236,230.8,231.85,9135800,220.12
5/24/2012,231.7,234.7,231,233.35,5786700,221.55
5/23/2012,231.05,233,230,231.7,4361900,219.98
5/22/2012,237.3,239.2,230.1,232.75,6833700,220.98
5/21/2012,239.65,240.95,234,234.85,4147200,222.97
5/18/2012,232.25,241,230,239.55,8376400,227.43
5/17/2012,229,236.65,229,234.75,10132300,222.88
5/16/2012,229,231,226.4,227.3,5100200,215.8
5/15/2012,232.5,235.6,230.1,230.85,5076900,219.17
5/14/2012,234,236,232,234.5,3316900,222.64
5/11/2012,237.7,238.2,231.35,234.25,5214300,222.4
5/10/2012,241.4,243.4,236.35,239.25,6516500,227.15
5/9/2012,230,241,227.1,239.9,13316500,227.77
5/8/2012,237,241.9,223.85,226.9,11351700,215.42
5/7/2012,235,239,233.35,236.35,5053400,224.4
5/4/2012,241.4,244.95,237.35,238.15,6393500,226.1
5/3/2012,245.4,245.95,241,241.7,3768000,229.47
5/2/2012,245.55,247.85,243.5,244.6,4783800,232.23
5/1/2012,245.55,245.55,245.55,245.55,0,233.13
4/30/2012,248,249.3,245.1,245.5,3186500,233.08
4/27/2012,248.7,252.85,244.95,245.8,6188100,233.37
4/26/2012,246.4,249.9,244.5,249.05,7036300,236.45
4/25/2012,245.4,246.8,242.55,245.95,4195000,233.51
4/24/2012,245.15,245.75,237.85,245.05,6259500,232.66
4/23/2012,245.5,247.7,244.05,244.75,6591500,232.37
4/20/2012,243.6,247.4,242.65,245.2,4222100,232.8
4/19/2012,242.7,244.8,238.75,244.05,6366700,231.71
4/18/2012,246.3,248.05,240.7,241.75,8680700,229.52
4/17/2012,245.6,247.5,239.55,246.2,5438600,233.75
4/16/2012,235.75,242,234.65,241.05,3966700,228.86
4/13/2012,234.75,240.85,232.8,236.25,9700700,224.3
4/12/2012,228.65,235,228.65,234.75,13035200,222.88
4/11/2012,228.9,230.1,226.4,229.75,6314600,218.13
4/10/2012,224.2,230,223.25,229.35,5486200,217.75
4/9/2012,225.6,227.05,223.25,224.05,3459700,212.72
4/6/2012,227.4,227.4,227.4,227.4,0,215.9
4/5/2012,227.4,227.4,227.4,227.4,0,215.9
4/4/2012,226.5,228.9,225.6,227.4,4768300,215.9
4/3/2012,228.15,228.35,226.55,227.1,5878800,215.61
4/2/2012,227.4,228.35,225.65,226.95,9730900,215.47
3/30/2012,224.6,227.85,224.45,226.9,9142200,215.42
3/29/2012,224,227.35,221.75,224.55,11150800,213.19
3/28/2012,226,227.9,224.6,226.8,5893000,215.33
3/27/2012,223.85,227.25,222,226.05,7574000,214.62
3/26/2012,223,224.3,221,222.7,6889000,211.44
3/23/2012,221.4,224.75,219.75,222.45,7854100,211.2
3/22/2012,223.7,226.7,218.15,219.7,11018100,208.59
3/21/2012,223.6,224.9,220.85,223.85,10739600,212.53
3/20/2012,220.45,224.5,219.1,223.6,10724400,212.29
3/19/2012,217,223.7,215.45,220.5,23669300,209.35
3/16/2012,208.25,225,208.25,216.15,43904700,205.22
3/15/2012,212,213.1,207.8,208.9,10388500,198.33
3/14/2012,210,213.35,210,212.5,6543900,201.75
3/13/2012,207,209.5,207,209.05,5823300,198.48
3/12/2012,210.4,210.4,206.1,206.8,3826600,196.34
3/9/2012,211.15,212.75,207.55,208.25,9885500,197.72
3/8/2012,206.85,206.85,206.85,206.85,0,196.39
3/7/2012,210,211,208.1,209.95,5248700,199.33
3/6/2012,206.65,211.7,205.2,210.4,10048600,199.76
3/5/2012,205.1,207.95,203.7,207,8038300,196.53
3/2/2012,207.1,207.55,203.4,205.25,5706500,194.87
3/1/2012,207.6,209.9,204.8,206.85,5070800,196.39
2/29/2012,211,213,206.65,207.65,8858500,197.15
2/28/2012,212.15,213.5,210.05,210.7,8765800,200.04
2/27/2012,210,212.9,208.5,212.3,11607700,201.56
2/24/2012,208.6,210.95,208.3,209.4,6058100,198.81
2/23/2012,208.85,210.1,205.65,208.6,10898700,198.05
2/22/2012,207,209.4,206.1,208.55,8611000,198
2/21/2012,205.45,208.7,205.45,207.4,10273700,196.91
2/20/2012,205.45,205.45,205.45,205.45,0,195.06
2/17/2012,204.15,205.9,203.1,205.45,11001500,195.06
2/16/2012,203.5,204.6,202.1,203.95,9189400,193.63
2/15/2012,203.1,204,202.1,203.15,10361100,192.87
2/14/2012,202.6,203.7,202,202.55,4253900,192.3
2/13/2012,203.8,204.75,202.15,202.8,4725600,192.54
2/10/2012,203.85,204.8,202,203.8,6842800,193.49
2/9/2012,203.55,204.9,202,203.9,5069900,193.59
2/8/2012,205.95,207.45,202,204.45,7568900,194.11
2/7/2012,204.4,205.9,202.1,205.55,8022500,195.15
2/6/2012,202,202.9,200.25,202.4,7062300,192.16
2/3/2012,199,201.25,197,200.65,8618200,190.5
2/2/2012,202.05,202.25,198.4,199.05,7334800,188.98
2/1/2012,203.35,203.4,200.3,201.6,5807800,191.4
1/31/2012,202.9,204.8,201.3,203.95,7740500,193.63
1/30/2012,202,203.65,199.65,200.85,8274900,190.69
1/27/2012,207.5,207.5,199.7,201.8,10222200,191.59
1/26/2012,206.05,206.05,206.05,206.05,0,195.63
1/25/2012,206.5,207,204.75,206.05,6942800,195.63
1/24/2012,205.1,207.25,204.2,205.95,6226300,195.53
1/23/2012,201.65,205,198.4,204.6,8841800,194.25
1/20/2012,209.95,211.3,199.8,201.3,17214400,191.12
1/19/2012,210.35,211,208.25,209.2,6212800,198.62
1/18/2012,207.35,210.7,207,209.8,6663700,199.19
1/17/2012,209,210.2,206.8,208.4,6819900,197.86
1/16/2012,206.85,209.7,206.5,209.1,6266100,198.52
1/13/2012,204.9,207.7,204.3,207.05,7659600,196.58
1/12/2012,203,205.4,202.75,204.95,4928400,194.58
1/11/2012,205.15,205.6,202.5,203.3,5409300,193.02
1/10/2012,202.2,205.75,202.2,205.15,3608200,194.77
1/9/2012,201.65,202.3,199.7,202,4938800,191.78
1/6/2012,199.05,203.1,198.35,202.1,5858800,191.88
1/5/2012,199.05,200,197.6,199.8,7576300,189.69
1/4/2012,201.5,201.7,198.5,199.55,7916700,189.46
1/3/2012,199.85,201.55,199.3,200.35,4043700,190.22
1/2/2012,201.85,201.85,197.9,198.65,1907200,188.6
12/30/2011,200.65,203,200.25,201.3,2311600,191.12
12/29/2011,201.25,203.4,200,200.7,6464100,190.55
12/28/2011,205.6,205.7,201.5,202.05,3133000,191.83
12/27/2011,204.9,206,202.3,205.05,4659200,194.68
12/26/2011,203.4,205.85,202.8,204.95,3847500,194.58
12/23/2011,204.4,205,202.25,204,5517700,193.68
12/22/2011,200.9,204,200.5,203.75,6294500,193.44
12/21/2011,201.3,202.95,199.55,202.25,6973900,192.02
12/20/2011,199,200.75,198.15,199.4,8652500,189.31
12/19/2011,194.7,198,192.3,197.5,7277500,187.51
12/16/2011,199.05,203.35,194,195.8,6701600,185.9
12/15/2011,199,201.5,197.45,199.6,9704100,189.5
12/14/2011,197.35,201.5,197,199.85,10786300,189.74
12/13/2011,195.5,198,195.05,197.35,4924900,187.37
12/12/2011,198.85,199.35,194.8,196,6771500,186.09
12/9/2011,197.1,198.6,194.7,197.15,5583300,187.18
12/8/2011,204.95,206.2,197.5,199,6767500,188.93
12/7/2011,205,208,203.55,204.95,7551600,194.58
12/6/2011,204.15,204.15,204.15,204.15,0,193.82
12/5/2011,206,207.6,202.65,204.15,3883100,193.82
12/2/2011,203.55,207,202.5,206.5,4895900,196.06
12/1/2011,204,205.9,203.2,203.65,6568400,193.35
11/30/2011,197.05,201.5,196.35,200.7,10228000,190.55
11/29/2011,197.5,198.4,195.5,197.9,6359500,187.89
11/28/2011,194.95,198.75,193.15,196.45,4584300,186.51
11/25/2011,191.8,193.4,191.4,192.25,5310300,182.53
11/24/2011,193.45,195.9,189.65,192.3,10922100,182.57
11/23/2011,196.2,196.2,189.3,193.3,8951100,183.52
11/22/2011,202.35,202.65,195.2,196.2,9206700,186.28
11/21/2011,200.65,202.2,198.1,199.45,9639600,189.36
11/18/2011,206.25,207.4,200.1,201.8,8037300,191.59
11/17/2011,212.25,212.25,206.1,207.75,5493800,197.24
11/16/2011,210,213.9,208.25,212.6,5681300,201.85
11/15/2011,210.8,213.65,209.75,210.65,5177900,200
11/14/2011,213.35,215.3,210.65,211.5,4980900,200.8
11/11/2011,211.6,215,210.35,212.65,7112800,201.89
11/9/2011,210.65,214.5,210,212,7397400,201.28
11/8/2011,210.1,212.1,208.5,210.8,4773100,200.14
11/4/2011,211.25,211.75,209.8,210.35,4755500,199.71
11/3/2011,208.35,210.8,208,210.2,4285100,199.57
11/2/2011,208,210.9,207.5,209.35,5064300,198.76
11/1/2011,211.5,212.5,207.7,208.3,10632800,197.76
10/31/2011,215.35,215.5,211.8,213.15,6628200,202.37
10/28/2011,214.7,216.2,212.9,215.5,12172400,204.6
10/26/2011,212,213.2,210.85,212.2,1680800,201.47
10/25/2011,207.9,213,206,211.05,11489500,200.38
10/24/2011,204,208,204,206.95,9255200,196.48
10/21/2011,205.75,206.65,203.35,204,5739300,193.68
10/20/2011,205.75,206.5,204.15,205.05,5179600,194.68
10/19/2011,205.2,207.75,203.8,207.1,4596400,196.62
10/18/2011,204.35,205.8,203.1,204.25,2837900,193.92
10/17/2011,204.65,206.2,203.5,205.75,4572000,195.34
10/14/2011,201.35,205.9,201.35,205.2,5726500,194.82
10/13/2011,202.5,205.4,201.05,201.9,4071500,191.69
10/12/2011,200,204.5,199.6,204,6456400,193.68
10/11/2011,201.5,202.4,199.15,199.55,5038500,189.46
10/10/2011,198,201.4,197.55,200.1,6958400,189.98
10/7/2011,197.75,200.25,194,199.15,22819400,189.08
10/5/2011,192.1,197.4,192.1,194.1,12678400,184.28
10/4/2011,193.75,195.2,188.6,191.65,12250200,181.96
10/3/2011,195.3,197.1,193.35,194.35,5126800,184.52
9/30/2011,202,202,197.15,198,6871700,187.99
9/29/2011,195.75,202.95,195.75,202.25,12124600,192.02
9/28/2011,193.9,197.5,192.75,197.1,13051300,187.13
9/27/2011,190,193.95,189.75,193.45,6300200,183.67
9/26/2011,192.9,192.9,185,188.5,6475100,178.97
9/23/2011,190.1,194.4,189.05,191.65,8347200,181.96
9/22/2011,196.35,196.8,190.05,190.95,7567900,181.29
9/21/2011,198.95,199.65,196.55,197.6,2925800,187.61
9/20/2011,195.8,199.2,195.2,198.5,5466000,188.46
9/19/2011,198,198.2,194.85,195.35,4952900,185.47
9/16/2011,200,200.85,197.35,197.95,8977300,187.94
9/15/2011,201.85,201.85,196.05,199.4,5202500,189.31
9/14/2011,197.4,200,194.1,199.45,5270000,189.36
9/13/2011,196.65,199.45,195.7,197.05,5227500,187.08
9/12/2011,196.2,198.25,194.7,196.2,5085600,186.28
9/9/2011,199.7,200.75,196.5,197.65,8053600,187.65
9/8/2011,200.35,201.55,198.1,199.15,4697100,189.08
9/7/2011,203,203.55,199.5,200.05,7186800,189.93
9/6/2011,202,203.35,200.3,202.8,8105600,192.54
9/5/2011,203,203.85,200.2,202.75,8134500,192.49
9/2/2011,206,206.5,196.65,203.25,12873700,192.97
8/30/2011,204,204,199,200.4,6982300,190.26
8/29/2011,198,203,195,201.95,7913000,191.74
8/26/2011,202.9,203.2,194.75,196.85,6212300,186.89
8/25/2011,202.15,203.8,201,202.35,8607600,192.12
8/24/2011,202.85,204.3,199.3,201.95,4978700,191.74
8/23/2011,202,204.2,199,203.2,11882600,192.92
8/22/2011,198.3,202.8,196.55,202,6102600,191.78
8/19/2011,202,204.75,198.15,199.2,12977700,189.12
8/18/2011,204.5,206,202.75,203.85,7169900,193.54
8/17/2011,200,205,199.5,204.25,9695000,193.92
8/16/2011,201.25,201.95,198,200.5,6498200,190.36
8/12/2011,199.7,200.95,195.5,198,8213000,187.99
8/11/2011,196,200,195.55,198.75,6364500,188.7
8/10/2011,202,202.85,196,197.1,9274900,187.13
8/9/2011,190.25,202.1,190.1,199.75,19202600,189.65
8/8/2011,193.9,197.8,189.65,195,9002500,185.14
8/5/2011,195,198,190.5,196.4,13424700,186.47
8/4/2011,204.9,206.75,199.2,199.95,10501900,189.84
8/3/2011,203.35,208.2,202.65,206.85,6657900,196.39
8/2/2011,207.7,208.35,202.85,204.75,7645400,194.39
8/1/2011,210,211.25,208.1,208.9,7104000,198.33
7/29/2011,205.5,211.25,205.25,208.35,13288500,197.81
7/28/2011,198.35,207,198.35,206.25,16270500,195.82
7/27/2011,202.25,202.45,198.55,200.9,5153600,190.74
7/26/2011,205,206.65,199.65,200.9,6321800,190.74
7/25/2011,207,207.3,203.15,205.4,9312100,195.01
7/22/2011,208.5,209.2,206.6,207.4,9159600,196.91
7/21/2011,204.5,207.8,204.5,207.1,4932700,196.62
7/20/2011,204,207.35,203.5,205.75,8409800,195.34
7/19/2011,202.5,204.95,201.6,204.1,4087900,193.78
7/18/2011,202.5,202.9,200.65,201.65,1959100,191.45
7/15/2011,202.55,203.6,201.05,201.75,2815600,191.55
7/14/2011,203.95,205,200.35,203,8487400,192.73
7/13/2011,201.9,205,201.9,204,6540500,193.68
7/12/2011,201.5,205,200.25,201.65,5459700,191.45
7/11/2011,200.85,203.8,200.5,202.6,4637500,192.35
7/8/2011,203.75,205.1,199.65,200.55,6489000,190.41
7/7/2011,197.1,203.95,197.1,203.4,8000100,193.11
7/6/2011,195.5,197.65,194.3,196.7,6024400,186.75
7/5/2011,199.85,199.85,195.25,195.65,8333400,185.75
7/4/2011,203.1,204.1,198.25,198.75,5927500,188.7
7/1/2011,206.5,206.5,200.1,201.55,7228400,191.36
6/30/2011,199.65,204,199.55,202.95,11635700,192.68
6/29/2011,194.25,199.95,194.25,199.55,7674500,189.46
6/28/2011,194.2,194.45,190.5,193.85,4452300,184.05
6/27/2011,193.1,195.8,192.5,193.6,6264200,183.81
6/24/2011,191.75,196.5,191.75,195.1,11121800,185.23
6/23/2011,185.6,191.75,184.35,191.45,7714500,181.77
6/22/2011,185.4,186.75,182,185.2,5940700,175.83
6/21/2011,187.5,188.9,184.25,184.85,4537700,175.5
6/20/2011,192.9,192.9,184.3,186.45,8151000,177.02
6/17/2011,194.1,195.8,191.3,191.75,4918100,182.05
6/16/2011,194.5,195.3,193,194,4458000,184.19
6/15/2011,193.95,195.15,193.05,194.15,5411200,184.33
6/14/2011,190.9,194.4,190.9,193.85,4116300,184.05
6/13/2011,191.3,192.35,189.95,190.9,4070600,181.24
6/10/2011,191.5,193.3,190.5,191.65,8849900,181.96
6/9/2011,194.5,195.75,193.25,195,3919600,182.48
6/8/2011,193.5,196.35,193,194.95,6050300,182.43
6/7/2011,192,194.4,191.5,193.55,2116700,181.12
6/6/2011,193.5,194.5,191.25,192.8,2928500,180.42
6/3/2011,195.3,196.95,193,193.45,3850100,181.03
6/2/2011,192.75,197.9,192.4,195.3,7064800,182.76
6/1/2011,195,195,192.5,193.85,5582200,181.4
5/31/2011,188,193.85,188,193.35,9111600,180.93
5/30/2011,188.95,189.6,186.35,187.6,5949800,175.55
5/27/2011,187.5,189.8,187.35,188.95,6093000,176.82
5/26/2011,189,189,186,187,9888900,174.99
5/25/2011,186.65,189.75,185.35,189.1,6440400,176.96
5/24/2011,190.65,190.9,186.2,186.95,5954600,174.95
5/23/2011,186.95,190.7,186.2,190.2,9143100,177.99
5/20/2011,190.45,191.5,183.75,186.55,26209500,174.57
5/19/2011,190.1,191.8,188.15,189.05,7886600,176.91
5/18/2011,187.8,190.6,187.8,188.95,4518100,176.82
5/17/2011,186.5,190,185.7,187.85,5823000,175.79
5/16/2011,190,190.7,185.55,186.1,7697200,174.15
5/13/2011,183.75,191.9,182.45,189,7068200,176.86
5/12/2011,185.35,187.75,183.4,183.8,2789200,172
5/11/2011,185.6,186.75,184.4,186.35,2112400,174.38
5/10/2011,185,188.5,184.35,185.6,4096100,173.68
5/9/2011,183.95,186.8,182.1,184.45,5601400,172.61
5/6/2011,183,184,177.55,183.6,7017500,171.81
5/5/2011,187,187.4,181.65,182.5,6054800,170.78
5/4/2011,187.8,188.3,183.5,186.8,5481300,174.81
5/3/2011,190.5,191,185.65,186.85,5150800,174.85
5/2/2011,193,194,190.5,191.15,5177700,178.88
4/29/2011,190.35,194.8,190.35,192.35,10338500,180
4/28/2011,194.3,194.8,191.05,191.85,8045000,179.53
4/27/2011,192,194,191.25,193.65,5521300,181.22
4/26/2011,190.55,192.4,185.1,191.65,7802000,179.34
4/25/2011,190,192.7,189.75,190.25,2856700,178.03
4/22/2011,190.35,190.35,190.35,190.35,0,178.13
4/21/2011,192.95,192.95,189.5,190.15,9487300,177.94
4/20/2011,188.75,191.3,187.5,190.6,5679200,178.36
4/19/2011,189,191,186.9,187.5,7986600,175.46
4/18/2011,191.65,194.75,187.5,190.2,8753900,177.99
4/15/2011,190.1,192.65,188.65,191.5,11102900,179.2
4/14/2011,191.3,191.3,191.3,191.3,0,179.02
4/13/2011,185,191.3,183.75,190.1,10478500,177.89
4/12/2011,185,185,185,185,0,173.12
4/11/2011,184.1,188,183.65,185,8241900,173.12
4/8/2011,182.9,185.5,181.85,183.75,6901300,171.95
4/7/2011,183,183.5,181.35,182.55,3745000,170.83
4/6/2011,183.35,184.65,180.8,182.95,3628400,171.2
4/5/2011,184.75,185.7,183.25,184.2,5453300,172.37
4/4/2011,183.45,185,182.8,184.85,6449100,172.98
4/1/2011,182.05,184.95,181.4,182.5,11065400,170.78
3/31/2011,178.25,184,178.25,182.1,22010400,170.41
3/30/2011,179.9,181.35,176.75,177.6,10641400,166.2
3/29/2011,179.5,180,178.15,179.25,8379200,167.74
3/28/2011,176.5,179.6,176.35,178.7,8758600,167.23
3/25/2011,175,178,173.5,177.45,11706900,166.06
3/24/2011,173,173.6,171.9,173,5421800,161.89
3/23/2011,170,172.45,169.15,171.95,5693600,160.91
3/22/2011,168.6,170.9,167.5,170.05,4098600,159.13
3/21/2011,168.65,169.9,167.5,167.9,4098000,157.12
3/18/2011,169.6,169.85,165.6,167.95,6477800,157.17
3/17/2011,169.5,170.9,167.3,168.05,7809000,157.26
3/16/2011,170.65,172.35,170.65,171.2,3295500,160.21
3/15/2011,171.05,172.8,167.7,170.1,6938300,159.18
3/14/2011,171.75,173.9,170.5,173.45,4499500,162.31
3/11/2011,170.75,173,169.55,171.35,3983400,160.35
3/10/2011,171.45,171.95,169.3,171.3,4426800,160.3
3/9/2011,172.4,173.15,170.6,171.75,4216000,160.72
3/8/2011,173.7,173.9,171.15,171.95,5713100,160.91
3/7/2011,171.25,173.8,168.05,172.65,6731300,161.56
3/4/2011,174.55,174.8,172,172.4,8281500,161.33
3/3/2011,172,176,171.2,173.55,13318200,162.41
3/2/2011,173.65,173.65,173.65,173.65,0,162.5
3/1/2011,170.8,174,170.6,173.6,14636600,162.45
2/28/2011,156.05,170,154.4,169,30328200,158.15
2/25/2011,152.7,156.9,151.5,156.3,9117500,146.26
2/24/2011,154.35,156.2,149,150.65,17813900,140.98
2/23/2011,157,157.5,155.1,155.6,3495800,145.61
2/22/2011,157.9,157.9,155.5,156.7,4560100,146.64
2/21/2011,155.75,158.85,154.6,158.2,2602500,148.04
2/18/2011,158.35,160.15,155,155.75,4761300,145.75
2/17/2011,157.5,158.9,154.85,158.45,6898900,148.28
2/16/2011,156.2,158.85,156.2,156.9,3655400,146.82
2/15/2011,158.65,158.7,154.6,157.1,4353600,147.01
2/14/2011,154.7,159.8,154.7,157.5,6673500,147.39
2/11/2011,156.85,157.1,154,155.1,5769500,145.14
2/10/2011,154.2,158.95,154.2,156.15,7148900,146.12
2/9/2011,156,156.5,152.75,153.9,8450300,144.02
2/8/2011,157.5,158.25,156,156.1,6232500,146.08
2/7/2011,155.8,158.75,153.3,157.1,9777800,147.01
2/4/2011,159.6,160.75,151.7,153,9752500,143.18
2/3/2011,158.4,161.2,157.6,159.45,4724300,149.21
2/2/2011,160.75,161.7,158,159,6424200,148.79
2/1/2011,163.65,163.8,156.2,159.6,14164000,149.35
1/31/2011,167.1,167.9,160.95,162.6,11340500,152.16
1/28/2011,168.85,170.25,165.6,168.15,10673500,157.35
1/27/2011,168.85,169.75,167,167.8,7810900,157.03
1/26/2011,167.75,167.75,167.75,167.75,0,156.98
1/25/2011,169.2,170.35,167.5,168,5217100,157.21
1/24/2011,169.95,170.45,168,169.1,5123900,158.24
1/21/2011,171.2,172.55,168.4,168.9,9015400,158.05
1/20/2011,174.35,175.9,170.65,171.65,7343400,160.63
1/19/2011,176.5,178.3,173.6,175.45,9397000,164.18
1/18/2011,172.4,176.75,172.1,176.15,6407500,164.84
1/17/2011,170.1,174.9,167.65,171.95,9449900,160.91
1/14/2011,172.6,177.15,169.1,170.55,5992700,159.6
1/13/2011,173.05,174.7,171.4,173.15,7542500,162.03
1/12/2011,172.15,174.4,168.6,173.75,5116200,162.59
1/11/2011,170.2,174,168.05,170.1,7929600,159.18
1/10/2011,172.2,172.4,168.55,170.6,8269600,159.65
1/7/2011,178.05,180,170.6,172.5,7202800,161.42
1/6/2011,180.35,181,175.85,178.9,5937800,167.41
1/5/2011,177.4,180.2,175.8,179.8,8526800,168.25
1/4/2011,175,178.1,175,177.5,9959900,166.1
1/3/2011,175.95,175.95,173.9,174.8,2328100,163.58
